Workbook

Sheet CONSOLIDADO
B1: AUTOMÓVILES VAGONETAS Y JEEP | C1: CAMIONETAS | D1: MINIBUSES | E1: MICROBUSES (DOS EJES) | F1: BÚS MEDIANO (DOS EJES) | G1: BÚS GRANDE (DOS O MAS EJES) | H1: CAMIÓN MEDIANO (DOS EJES) | I1: CAMIÓN GRANDE ( DOS EJES) | J1: CAMION GRANDE (TRES EJES) | K1: CAMIÓN CON SEMIRREMOLQUE | L1: CAMION CON REMOLQUE | M1: MOTOCICLETAS | N1: OTROS VEHICULOS | O1: TOTAL
A2: Sabado | O2: =SUM(B2:N2) -> 0
A3: Domingo | O3: =SUM(B3:N3) -> 0
A4: Lunes | O4: =SUM(B4:N4) -> 0
A5: Martes | O5: =SUM(B5:N5) -> 0
A6: Miércoles | O6: =SUM(B6:N6) -> 0
A7: Jueves | O7: =SUM(B7:N7) -> 0
A8: Viernes | O8: =SUM(B8:N8) -> 0
A9: TOTAL | O9: =SUM(O2:O8) -> 0
A10: PROMEDIO | B10: =SUM(B2:B8)/7 -> 0 | C10: =SUM(C2:C8)/7 -> 0 | D10: =SUM(D2:D8)/7 -> 0 | E10: =SUM(E2:E8)/7 -> 0 | F10: =SUM(F2:F8)/7 -> 0 | G10: =SUM(G2:G8)/7 -> 0 | H10: =SUM(H2:H8)/7 -> 0 | I10: =SUM(I2:I8)/7 -> 0 | ... N10: =SUM(N2:N8)/7 -> 0 | O10: =O9/7 -> 0
B14: AUTOMÓVILES VAGONETAS Y JEEP | C14: CAMIONETAS | D14: MINIBUSES | E14: MICROBUSES (DOS EJES) | F14: BÚS MEDIANO (DOS EJES) | G14: BÚS GRANDE (DOS O MAS EJES) | H14: CAMIÓN MEDIANO (DOS EJES) | I14: CAMIÓN GRANDE ( DOS EJES) | J14: CAMION GRANDE (TRES EJES) | K14: CAMIÓN CON SEMIRREMOLQUE | L14: CAMION CON REMOLQUE | M14: MOTOCICLETAS | N14: OTROS VEHICULOS | O14: TOTAL
A15: Sabado | O15: =SUM(B15:N15) -> 0
A16: Domingo | O16: =SUM(B16:N16) -> 0
A17: Lunes | O17: =SUM(B17:N17) -> 0
A18: Martes | O18: =SUM(B18:N18) -> 0
A19: Miércoles | O19: =SUM(B19:N19) -> 0
A20: Jueves | O20: =SUM(B20:N20) -> 0
A21: Viernes | O21: =SUM(B21:N21) -> 0
A22: TOTAL | O22: =SUM(O15:O21) -> 0
A23: PROMEDIO | B23: =SUM(B15:B21)/7 -> 0 | C23: =SUM(C15:C21)/7 -> 0 | D23: =SUM(D15:D21)/7 -> 0 | E23: =SUM(E15:E21)/7 -> 0 | F23: =SUM(F15:F21)/7 -> 0 | G23: =SUM(G15:G21)/7 -> 0 | H23: =SUM(H15:H21)/7 -> 0 | I23: =SUM(I15:I21)/7 -> 0 | ... N23: =SUM(N15:N21)/7 -> 0 | O23: =O22/7 -> 0
B27: AUTOMÓVILES VAGONETAS Y JEEP | C27: CAMIONETAS | D27: MINIBUSES | E27: MICROBUSES (DOS EJES) | F27: BÚS MEDIANO (DOS EJES) | G27: BÚS GRANDE (DOS O MAS EJES) | H27: CAMIÓN MEDIANO (DOS EJES) | I27: CAMIÓN GRANDE ( DOS EJES) | J27: CAMION GRANDE (TRES EJES) | K27: CAMIÓN CON SEMIRREMOLQUE | L27: CAMION CON REMOLQUE | M27: MOTOCICLETAS | N27: OTROS VEHICULOS | O27: TOTAL
A28: Sabado | B28: =B2+B15 -> 0 | C28: =C2+C15 -> 0 | D28: =D2+D15 -> 0 | E28: =E2+E15 -> 0 | F28: =F2+F15 -> 0 | G28: =G2+G15 -> 0 | H28: =H2+H15 -> 0 | I28: =I2+I15 -> 0 | ... N28: =N2+N15 -> 0 | O28: =SUM(B28:N28) -> 0
A29: Domingo | B29: =B3+B16 -> 0 | C29: =C3+C16 -> 0 | D29: =D3+D16 -> 0 | E29: =E3+E16 -> 0 | F29: =F3+F16 -> 0 | G29: =G3+G16 -> 0 | H29: =H3+H16 -> 0 | I29: =I3+I16 -> 0 | ... N29: =N3+N16 -> 0 | O29: =SUM(B29:N29) -> 0
A30: Lunes | B30: =B4+B17 -> 0 | C30: =C4+C17 -> 0 | D30: =D4+D17 -> 0 | E30: =E4+E17 -> 0 | F30: =F4+F17 -> 0 | G30: =G4+G17 -> 0 | H30: =H4+H17 -> 0 | I30: =I4+I17 -> 0 | ... N30: =N4+N17 -> 0 | O30: =SUM(B30:N30) -> 0
A31: Martes | B31: =B5+B18 -> 0 | C31: =C5+C18 -> 0 | D31: =D5+D18 -> 0 | E31: =E5+E18 -> 0 | F31: =F5+F18 -> 0 | G31: =G5+G18 -> 0 | H31: =H5+H18 -> 0 | I31: =I5+I18 -> 0 | ... N31: =N5+N18 -> 0 | O31: =SUM(B31:N31) -> 0
A32: Miércoles | B32: =B6+B19 -> 0 | C32: =C6+C19 -> 0 | D32: =D6+D19 -> 0 | E32: =E6+E19 -> 0 | F32: =F6+F19 -> 0 | G32: =G6+G19 -> 0 | H32: =H6+H19 -> 0 | I32: =I6+I19 -> 0 | ... N32: =N6+N19 -> 0 | O32: =SUM(B32:N32) -> 0
A33: Jueves | B33: =B7+B20 -> 0 | C33: =C7+C20 -> 0 | D33: =D7+D20 -> 0 | E33: =E7+E20 -> 0 | F33: =F7+F20 -> 0 | G33: =G7+G20 -> 0 | H33: =H7+H20 -> 0 | I33: =I7+I20 -> 0 | ... N33: =N7+N20 -> 0 | O33: =SUM(B33:N33) -> 0
A34: Viernes | B34: =B8+B21 -> 0 | C34: =C8+C21 -> 0 | D34: =D8+D21 -> 0 | E34: =E8+E21 -> 0 | F34: =F8+F21 -> 0 | G34: =G8+G21 -> 0 | H34: =H8+H21 -> 0 | I34: =I8+I21 -> 0 | ... N34: =N8+N21 -> 0 | O34: =SUM(B34:N34) -> 0
A35: TOTAL | B35: =SUM(B28:B34) -> 0 | C35: =SUM(C28:C34) -> 0 | D35: =SUM(D28:D34) -> 0 | E35: =SUM(E28:E34) -> 0 | F35: =SUM(F28:F34) -> 0 | G35: =SUM(G28:G34) -> 0 | H35: =SUM(H28:H34) -> 0 | I35: =SUM(I28:I34) -> 0 | ... O35: =SUM(O28:O34) -> 0
A36: PROMEDIO | B36: =SUM(B28:B34)/7 -> 0 | C36: =SUM(C28:C34)/7 -> 0 | D36: =SUM(D28:D34)/7 -> 0 | E36: =SUM(E28:E34)/7 -> 0 | F36: =SUM(F28:F34)/7 -> 0 | G36: =SUM(G28:G34)/7 -> 0 | H36: =SUM(H28:H34)/7 -> 0 | I36: =SUM(I28:I34)/7 -> 0 | ... N36: =SUM(N28:N34)/7 -> 0 | O36: =O35/7 -> 0
B38: =B36/O36 -> #DIV/0!

Sheet dia 1
A3: RESUMEN DE CONTEO
A4: CLASIFICACIÓN DE VEHÍCULOS
A6: CAMINO:DOBLE VIA ORURO - COCHABAMBA | J6: DEPARTAMENTO:
A7: ESTACIÓN: CAIHUASI | F7: Nº. | G7: S/N
A8: TRAMO: 1 | J8: FECHA:
A10: HORA DE - A | B10: AUTOMÓVILES VAGONETAS Y JEEP | C10: CAMIONETAS | D10: MINIBUSES | E10: MICROBUSES (DOS EJES) | F10: BÚS MEDIANO (DOS EJES) | G10: BÚS GRANDE (DOS O MAS EJES) | H10: CAMIÓN MEDIANO (DOS EJES) | I10: CAMIÓN GRANDE ( DOS EJES) | J10: CAMION GRANDE (TRES EJES) | K10: CAMIÓN CON SEMIRREMOLQUE | L10: CAMION CON REMOLQUE | M10: MOTOCICLETAS | N10: OTROS VEHICULOS | O10: TOTAL | P10: PORCENTAJE
A11: 0 - 1 | B11: ='[1]DP8 CAIHUASI S1'!B11+'[1]DP6 CAIHUASI S2'!B11 -> 11 | C11: ='[1]DP8 CAIHUASI S1'!C11+'[1]DP6 CAIHUASI S2'!C11 -> 2 | D11: ='[1]DP8 CAIHUASI S1'!D11+'[1]DP6 CAIHUASI S2'!D11 -> 9 | E11: ='[1]DP8 CAIHUASI S1'!E11+'[1]DP6 CAIHUASI S2'!E11 -> 0 | F11: ='[1]DP8 CAIHUASI S1'!F11+'[1]DP6 CAIHUASI S2'!F11 -> 0 | G11: ='[1]DP8 CAIHUASI S1'!G11+'[1]DP6 CAIHUASI S2'!G11 -> 23 | H11: ='[1]DP8 CAIHUASI S1'!H11+'[1]DP6 CAIHUASI S2'!H11 -> 0 | I11: ='[1]DP8 CAIHUASI S1'!I11+'[1]DP6 CAIHUASI S2'!I11 -> 0 | ... N11: ='[1]DP8 CAIHUASI S1'!N11+'[1]DP6 CAIHUASI S2'!N11 -> 0 | O11: =SUM(B11:N11) -> 93 | P11: =O11/$O$35 -> 0.024720893
A12: 1 - 2 | B12: ='[1]DP8 CAIHUASI S1'!B12+'[1]DP6 CAIHUASI S2'!B12 -> 7 | C12: ='[1]DP8 CAIHUASI S1'!C12+'[1]DP6 CAIHUASI S2'!C12 -> 0 | D12: ='[1]DP8 CAIHUASI S1'!D12+'[1]DP6 CAIHUASI S2'!D12 -> 18 | E12: ='[1]DP8 CAIHUASI S1'!E12+'[1]DP6 CAIHUASI S2'!E12 -> 0 | F12: ='[1]DP8 CAIHUASI S1'!F12+'[1]DP6 CAIHUASI S2'!F12 -> 0 | G12: ='[1]DP8 CAIHUASI S1'!G12+'[1]DP6 CAIHUASI S2'!G12 -> 22 | H12: ='[1]DP8 CAIHUASI S1'!H12+'[1]DP6 CAIHUASI S2'!H12 -> 0 | I12: ='[1]DP8 CAIHUASI S1'!I12+'[1]DP6 CAIHUASI S2'!I12 -> 0 | ... N12: ='[1]DP8 CAIHUASI S1'!N12+'[1]DP6 CAIHUASI S2'!N12 -> 0 | O12: =SUM(B12:N12) -> 90 | P12: =O12/$O$35 -> 0.023923445
A13: 2 - 3 | B13: ='[1]DP8 CAIHUASI S1'!B13+'[1]DP6 CAIHUASI S2'!B13 -> 13 | C13: ='[1]DP8 CAIHUASI S1'!C13+'[1]DP6 CAIHUASI S2'!C13 -> 0 | D13: ='[1]DP8 CAIHUASI S1'!D13+'[1]DP6 CAIHUASI S2'!D13 -> 12 | E13: ='[1]DP8 CAIHUASI S1'!E13+'[1]DP6 CAIHUASI S2'!E13 -> 0 | F13: ='[1]DP8 CAIHUASI S1'!F13+'[1]DP6 CAIHUASI S2'!F13 -> 0 | G13: ='[1]DP8 CAIHUASI S1'!G13+'[1]DP6 CAIHUASI S2'!G13 -> 19 | H13: ='[1]DP8 CAIHUASI S1'!H13+'[1]DP6 CAIHUASI S2'!H13 -> 0 | I13: ='[1]DP8 CAIHUASI S1'!I13+'[1]DP6 CAIHUASI S2'!I13 -> 2 | ... N13: ='[1]DP8 CAIHUASI S1'!N13+'[1]DP6 CAIHUASI S2'!N13 -> 0 | O13: =SUM(B13:N13) -> 93 | P13: =O13/$O$35 -> 0.024720893
A14: 3 - 4 | B14: ='[1]DP8 CAIHUASI S1'!B14+'[1]DP6 CAIHUASI S2'!B14 -> 15 | C14: ='[1]DP8 CAIHUASI S1'!C14+'[1]DP6 CAIHUASI S2'!C14 -> 3 | D14: ='[1]DP8 CAIHUASI S1'!D14+'[1]DP6 CAIHUASI S2'!D14 -> 7 | E14: ='[1]DP8 CAIHUASI S1'!E14+'[1]DP6 CAIHUASI S2'!E14 -> 0 | F14: ='[1]DP8 CAIHUASI S1'!F14+'[1]DP6 CAIHUASI S2'!F14 -> 7 | G14: ='[1]DP8 CAIHUASI S1'!G14+'[1]DP6 CAIHUASI S2'!G14 -> 29 | H14: ='[1]DP8 CAIHUASI S1'!H14+'[1]DP6 CAIHUASI S2'!H14 -> 4 | I14: ='[1]DP8 CAIHUASI S1'!I14+'[1]DP6 CAIHUASI S2'!I14 -> 6 | ... N14: ='[1]DP8 CAIHUASI S1'!N14+'[1]DP6 CAIHUASI S2'!N14 -> 0 | O14: =SUM(B14:N14) -> 103 | P14: =O14/$O$35 -> 0.027379054
A15: 4 - 5 | B15: ='[1]DP8 CAIHUASI S1'!B15+'[1]DP6 CAIHUASI S2'!B15 -> 15 | C15: ='[1]DP8 CAIHUASI S1'!C15+'[1]DP6 CAIHUASI S2'!C15 -> 4 | D15: ='[1]DP8 CAIHUASI S1'!D15+'[1]DP6 CAIHUASI S2'!D15 -> 5 | E15: ='[1]DP8 CAIHUASI S1'!E15+'[1]DP6 CAIHUASI S2'!E15 -> 0 | F15: ='[1]DP8 CAIHUASI S1'!F15+'[1]DP6 CAIHUASI S2'!F15 -> 3 | G15: ='[1]DP8 CAIHUASI S1'!G15+'[1]DP6 CAIHUASI S2'!G15 -> 20 | H15: ='[1]DP8 CAIHUASI S1'!H15+'[1]DP6 CAIHUASI S2'!H15 -> 3 | I15: ='[1]DP8 CAIHUASI S1'!I15+'[1]DP6 CAIHUASI S2'!I15 -> 8 | ... N15: ='[1]DP8 CAIHUASI S1'!N15+'[1]DP6 CAIHUASI S2'!N15 -> 0 | O15: =SUM(B15:N15) -> 96 | P15: =O15/$O$35 -> 0.025518341
A16: 5 - 6 | B16: ='[1]DP8 CAIHUASI S1'!B16+'[1]DP6 CAIHUASI S2'!B16 -> 31 | C16: ='[1]DP8 CAIHUASI S1'!C16+'[1]DP6 CAIHUASI S2'!C16 -> 9 | D16: ='[1]DP8 CAIHUASI S1'!D16+'[1]DP6 CAIHUASI S2'!D16 -> 21 | E16: ='[1]DP8 CAIHUASI S1'!E16+'[1]DP6 CAIHUASI S2'!E16 -> 0 | F16: ='[1]DP8 CAIHUASI S1'!F16+'[1]DP6 CAIHUASI S2'!F16 -> 3 | G16: ='[1]DP8 CAIHUASI S1'!G16+'[1]DP6 CAIHUASI S2'!G16 -> 16 | H16: ='[1]DP8 CAIHUASI S1'!H16+'[1]DP6 CAIHUASI S2'!H16 -> 11 | I16: ='[1]DP8 CAIHUASI S1'!I16+'[1]DP6 CAIHUASI S2'!I16 -> 10 | ... N16: ='[1]DP8 CAIHUASI S1'!N16+'[1]DP6 CAIHUASI S2'!N16 -> 0 | O16: =SUM(B16:N16) -> 161 | P16: =O16/$O$35 -> 0.042796385
A17: 6 - 7 | B17: ='[1]DP8 CAIHUASI S1'!B17+'[1]DP6 CAIHUASI S2'!B17 -> 40 | C17: ='[1]DP8 CAIHUASI S1'!C17+'[1]DP6 CAIHUASI S2'!C17 -> 5 | D17: ='[1]DP8 CAIHUASI S1'!D17+'[1]DP6 CAIHUASI S2'!D17 -> 40 | E17: ='[1]DP8 CAIHUASI S1'!E17+'[1]DP6 CAIHUASI S2'!E17 -> 1 | F17: ='[1]DP8 CAIHUASI S1'!F17+'[1]DP6 CAIHUASI S2'!F17 -> 6 | G17: ='[1]DP8 CAIHUASI S1'!G17+'[1]DP6 CAIHUASI S2'!G17 -> 26 | H17: ='[1]DP8 CAIHUASI S1'!H17+'[1]DP6 CAIHUASI S2'!H17 -> 2 | I17: ='[1]DP8 CAIHUASI S1'!I17+'[1]DP6 CAIHUASI S2'!I17 -> 12 | ... N17: ='[1]DP8 CAIHUASI S1'!N17+'[1]DP6 CAIHUASI S2'!N17 -> 0 | O17: =SUM(B17:N17) -> 185 | P17: =O17/$O$35 -> 0.04917597
A18: 7 - 8 | B18: ='[1]DP8 CAIHUASI S1'!B18+'[1]DP6 CAIHUASI S2'!B18 -> 43 | C18: ='[1]DP8 CAIHUASI S1'!C18+'[1]DP6 CAIHUASI S2'!C18 -> 11 | D18: ='[1]DP8 CAIHUASI S1'!D18+'[1]DP6 CAIHUASI S2'!D18 -> 14 | E18: ='[1]DP8 CAIHUASI S1'!E18+'[1]DP6 CAIHUASI S2'!E18 -> 1 | F18: ='[1]DP8 CAIHUASI S1'!F18+'[1]DP6 CAIHUASI S2'!F18 -> 2 | G18: ='[1]DP8 CAIHUASI S1'!G18+'[1]DP6 CAIHUASI S2'!G18 -> 18 | H18: ='[1]DP8 CAIHUASI S1'!H18+'[1]DP6 CAIHUASI S2'!H18 -> 3 | I18: ='[1]DP8 CAIHUASI S1'!I18+'[1]DP6 CAIHUASI S2'!I18 -> 1 | ... N18: ='[1]DP8 CAIHUASI S1'!N18+'[1]DP6 CAIHUASI S2'!N18 -> 0 | O18: =SUM(B18:N18) -> 138 | P18: =O18/$O$35 -> 0.036682616
A19: 8 - 9 | B19: ='[1]DP8 CAIHUASI S1'!B19+'[1]DP6 CAIHUASI S2'!B19 -> 49 | C19: ='[1]DP8 CAIHUASI S1'!C19+'[1]DP6 CAIHUASI S2'!C19 -> 13 | D19: ='[1]DP8 CAIHUASI S1'!D19+'[1]DP6 CAIHUASI S2'!D19 -> 18 | E19: ='[1]DP8 CAIHUASI S1'!E19+'[1]DP6 CAIHUASI S2'!E19 -> 0 | F19: ='[1]DP8 CAIHUASI S1'!F19+'[1]DP6 CAIHUASI S2'!F19 -> 4 | G19: ='[1]DP8 CAIHUASI S1'!G19+'[1]DP6 CAIHUASI S2'!G19 -> 9 | H19: ='[1]DP8 CAIHUASI S1'!H19+'[1]DP6 CAIHUASI S2'!H19 -> 1 | I19: ='[1]DP8 CAIHUASI S1'!I19+'[1]DP6 CAIHUASI S2'!I19 -> 4 | ... N19: ='[1]DP8 CAIHUASI S1'!N19+'[1]DP6 CAIHUASI S2'!N19 -> 0 | O19: =SUM(B19:N19) -> 116 | P19: =O19/$O$35 -> 0.030834662
A20: 9 - 10 | B20: ='[1]DP8 CAIHUASI S1'!B20+'[1]DP6 CAIHUASI S2'!B20 -> 28 | C20: ='[1]DP8 CAIHUASI S1'!C20+'[1]DP6 CAIHUASI S2'!C20 -> 9 | D20: ='[1]DP8 CAIHUASI S1'!D20+'[1]DP6 CAIHUASI S2'!D20 -> 22 | E20: ='[1]DP8 CAIHUASI S1'!E20+'[1]DP6 CAIHUASI S2'!E20 -> 0 | F20: ='[1]DP8 CAIHUASI S1'!F20+'[1]DP6 CAIHUASI S2'!F20 -> 7 | G20: ='[1]DP8 CAIHUASI S1'!G20+'[1]DP6 CAIHUASI S2'!G20 -> 28 | H20: ='[1]DP8 CAIHUASI S1'!H20+'[1]DP6 CAIHUASI S2'!H20 -> 1 | I20: ='[1]DP8 CAIHUASI S1'!I20+'[1]DP6 CAIHUASI S2'!I20 -> 11 | ... N20: ='[1]DP8 CAIHUASI S1'!N20+'[1]DP6 CAIHUASI S2'!N20 -> 0 | O20: =SUM(B20:N20) -> 161 | P20: =O20/$O$35 -> 0.042796385
A21: 10 - 11 | B21: ='[1]DP8 CAIHUASI S1'!B21+'[1]DP6 CAIHUASI S2'!B21 -> 29 | C21: ='[1]DP8 CAIHUASI S1'!C21+'[1]DP6 CAIHUASI S2'!C21 -> 7 | D21: ='[1]DP8 CAIHUASI S1'!D21+'[1]DP6 CAIHUASI S2'!D21 -> 36 | E21: ='[1]DP8 CAIHUASI S1'!E21+'[1]DP6 CAIHUASI S2'!E21 -> 0 | F21: ='[1]DP8 CAIHUASI S1'!F21+'[1]DP6 CAIHUASI S2'!F21 -> 8 | G21: ='[1]DP8 CAIHUASI S1'!G21+'[1]DP6 CAIHUASI S2'!G21 -> 26 | H21: ='[1]DP8 CAIHUASI S1'!H21+'[1]DP6 CAIHUASI S2'!H21 -> 2 | I21: ='[1]DP8 CAIHUASI S1'!I21+'[1]DP6 CAIHUASI S2'!I21 -> 15 | ... N21: ='[1]DP8 CAIHUASI S1'!N21+'[1]DP6 CAIHUASI S2'!N21 -> 0 | O21: =SUM(B21:N21) -> 181 | P21: =O21/$O$35 -> 0.048112706
A22: 11 - 12 | B22: ='[1]DP8 CAIHUASI S1'!B22+'[1]DP6 CAIHUASI S2'!B22 -> 30 | C22: ='[1]DP8 CAIHUASI S1'!C22+'[1]DP6 CAIHUASI S2'!C22 -> 10 | D22: ='[1]DP8 CAIHUASI S1'!D22+'[1]DP6 CAIHUASI S2'!D22 -> 19 | E22: ='[1]DP8 CAIHUASI S1'!E22+'[1]DP6 CAIHUASI S2'!E22 -> 0 | F22: ='[1]DP8 CAIHUASI S1'!F22+'[1]DP6 CAIHUASI S2'!F22 -> 0 | G22: ='[1]DP8 CAIHUASI S1'!G22+'[1]DP6 CAIHUASI S2'!G22 -> 27 | H22: ='[1]DP8 CAIHUASI S1'!H22+'[1]DP6 CAIHUASI S2'!H22 -> 1 | I22: ='[1]DP8 CAIHUASI S1'!I22+'[1]DP6 CAIHUASI S2'!I22 -> 1 | ... N22: ='[1]DP8 CAIHUASI S1'!N22+'[1]DP6 CAIHUASI S2'!N22 -> 0 | O22: =SUM(B22:N22) -> 123 | P22: =O22/$O$35 -> 0.032695375
... A34: 23 - 24 | B34: ='[1]DP8 CAIHUASI S1'!B34+'[1]DP6 CAIHUASI S2'!B34 -> 20 | C34: ='[1]DP8 CAIHUASI S1'!C34+'[1]DP6 CAIHUASI S2'!C34 -> 2 | D34: ='[1]DP8 CAIHUASI S1'!D34+'[1]DP6 CAIHUASI S2'!D34 -> 14 | E34: ='[1]DP8 CAIHUASI S1'!E34+'[1]DP6 CAIHUASI S2'!E34 -> 0 | F34: ='[1]DP8 CAIHUASI S1'!F34+'[1]DP6 CAIHUASI S2'!F34 -> 6 | G34: ='[1]DP8 CAIHUASI S1'!G34+'[1]DP6 CAIHUASI S2'!G34 -> 18 | H34: ='[1]DP8 CAIHUASI S1'!H34+'[1]DP6 CAIHUASI S2'!H34 -> 0 | I34: ='[1]DP8 CAIHUASI S1'!I34+'[1]DP6 CAIHUASI S2'!I34 -> 7 | ... N34: ='[1]DP8 CAIHUASI S1'!N34+'[1]DP6 CAIHUASI S2'!N34 -> 0 | O34: =SUM(B34:N34) -> 122 | P34: =O34/$O$35 -> 0.032429559
A35: TOTAL | B35: =SUM(B11:B34) -> 1080 | C35: =SUM(C11:C34) -> 181 | D35: =SUM(D11:D34) -> 570 | E35: =SUM(E11:E34) -> 3 | F35: =SUM(F11:F34) -> 66 | G35: =SUM(G11:G34) -> 476 | H35: =SUM(H11:H34) -> 66 | I35: =SUM(I11:I34) -> 178 | ... P35: =SUM(P11:P34) -> 1
A36: (%) | B36: =B35/$O$35 -> 0.28708134 | C36: =C35/$O$35 -> 0.048112706 | D36: =D35/$O$35 -> 0.15151515 | E36: =E35/$O$35 -> 0.00079744817 | F36: =F35/$O$35 -> 0.01754386 | G36: =G35/$O$35 -> 0.12652844 | H36: =H35/$O$35 -> 0.01754386 | I36: =I35/$O$35 -> 0.047315258 | ... N36: =N35/$O$35 -> 0 | O36: =SUM(B36:N36) -> 1

Sheet dia 2
A3: RESUMEN DE CONTEO
A4: CLASIFICACIÓN DE VEHÍCULOS
A6: CAMINO:DOBLE VIA ORURO - COCHABAMBA | J6: DEPARTAMENTO:
A7: ESTACIÓN> CAIHUASI | F7: Nº. | G7: S/N
A8: TRAMO: 1 | J8: FECHA:
A10: HORA DE - A | B10: AUTOMÓVILES VAGONETAS Y JEEP | C10: CAMIONETAS | D10: MINIBUSES | E10: MICROBUSES (DOS EJES) | F10: BÚS MEDIANO (DOS EJES) | G10: BÚS GRANDE (DOS O MAS EJES) | H10: CAMIÓN MEDIANO (DOS EJES) | I10: CAMIÓN GRANDE ( DOS EJES) | J10: CAMION GRANDE (TRES EJES) | K10: CAMIÓN CON SEMIRREMOLQUE | L10: CAMION CON REMOLQUE | M10: MOTOCICLETAS | N10: OTROS VEHICULOS | O10: TOTAL | P10: PORCENTAJE
A11: 0 - 1 | B11: ='[2]DP8 CAIHUASI S1'!B11+'[2]DP6 CAIHUASI S2'!B11 -> 19 | C11: ='[2]DP8 CAIHUASI S1'!C11+'[2]DP6 CAIHUASI S2'!C11 -> 7 | D11: ='[2]DP8 CAIHUASI S1'!D11+'[2]DP6 CAIHUASI S2'!D11 -> 7 | E11: ='[2]DP8 CAIHUASI S1'!E11+'[2]DP6 CAIHUASI S2'!E11 -> 0 | F11: ='[2]DP8 CAIHUASI S1'!F11+'[2]DP6 CAIHUASI S2'!F11 -> 6 | G11: ='[2]DP8 CAIHUASI S1'!G11+'[2]DP6 CAIHUASI S2'!G11 -> 15 | H11: ='[2]DP8 CAIHUASI S1'!H11+'[2]DP6 CAIHUASI S2'!H11 -> 2 | I11: ='[2]DP8 CAIHUASI S1'!I11+'[2]DP6 CAIHUASI S2'!I11 -> 7 | ... N11: ='[2]DP8 CAIHUASI S1'!N11+'[2]DP6 CAIHUASI S2'!N11 -> 0 | O11: =SUM(B11:N11) -> 111 | P11: =O11/$O$35 -> 0.027896456
A12: 1 - 2 | B12: ='[2]DP8 CAIHUASI S1'!B12+'[2]DP6 CAIHUASI S2'!B12 -> 19 | C12: ='[2]DP8 CAIHUASI S1'!C12+'[2]DP6 CAIHUASI S2'!C12 -> 2 | D12: ='[2]DP8 CAIHUASI S1'!D12+'[2]DP6 CAIHUASI S2'!D12 -> 6 | E12: ='[2]DP8 CAIHUASI S1'!E12+'[2]DP6 CAIHUASI S2'!E12 -> 0 | F12: ='[2]DP8 CAIHUASI S1'!F12+'[2]DP6 CAIHUASI S2'!F12 -> 6 | G12: ='[2]DP8 CAIHUASI S1'!G12+'[2]DP6 CAIHUASI S2'!G12 -> 39 | H12: ='[2]DP8 CAIHUASI S1'!H12+'[2]DP6 CAIHUASI S2'!H12 -> 1 | I12: ='[2]DP8 CAIHUASI S1'!I12+'[2]DP6 CAIHUASI S2'!I12 -> 9 | ... N12: ='[2]DP8 CAIHUASI S1'!N12+'[2]DP6 CAIHUASI S2'!N12 -> 0 | O12: =SUM(B12:N12) -> 110 | P12: =O12/$O$35 -> 0.027645137
A13: 2 - 3 | B13: ='[2]DP8 CAIHUASI S1'!B13+'[2]DP6 CAIHUASI S2'!B13 -> 13 | C13: ='[2]DP8 CAIHUASI S1'!C13+'[2]DP6 CAIHUASI S2'!C13 -> 3 | D13: ='[2]DP8 CAIHUASI S1'!D13+'[2]DP6 CAIHUASI S2'!D13 -> 5 | E13: ='[2]DP8 CAIHUASI S1'!E13+'[2]DP6 CAIHUASI S2'!E13 -> 0 | F13: ='[2]DP8 CAIHUASI S1'!F13+'[2]DP6 CAIHUASI S2'!F13 -> 4 | G13: ='[2]DP8 CAIHUASI S1'!G13+'[2]DP6 CAIHUASI S2'!G13 -> 56 | H13: ='[2]DP8 CAIHUASI S1'!H13+'[2]DP6 CAIHUASI S2'!H13 -> 1 | I13: ='[2]DP8 CAIHUASI S1'!I13+'[2]DP6 CAIHUASI S2'!I13 -> 4 | ... N13: ='[2]DP8 CAIHUASI S1'!N13+'[2]DP6 CAIHUASI S2'!N13 -> 0 | O13: =SUM(B13:N13) -> 104 | P13: =O13/$O$35 -> 0.02613722
A14: 3 - 4 | B14: ='[2]DP8 CAIHUASI S1'!B14+'[2]DP6 CAIHUASI S2'!B14 -> 20 | C14: ='[2]DP8 CAIHUASI S1'!C14+'[2]DP6 CAIHUASI S2'!C14 -> 2 | D14: ='[2]DP8 CAIHUASI S1'!D14+'[2]DP6 CAIHUASI S2'!D14 -> 12 | E14: ='[2]DP8 CAIHUASI S1'!E14+'[2]DP6 CAIHUASI S2'!E14 -> 0 | F14: ='[2]DP8 CAIHUASI S1'!F14+'[2]DP6 CAIHUASI S2'!F14 -> 1 | G14: ='[2]DP8 CAIHUASI S1'!G14+'[2]DP6 CAIHUASI S2'!G14 -> 31 | H14: ='[2]DP8 CAIHUASI S1'!H14+'[2]DP6 CAIHUASI S2'!H14 -> 0 | I14: ='[2]DP8 CAIHUASI S1'!I14+'[2]DP6 CAIHUASI S2'!I14 -> 4 | ... N14: ='[2]DP8 CAIHUASI S1'!N14+'[2]DP6 CAIHUASI S2'!N14 -> 0 | O14: =SUM(B14:N14) -> 87 | P14: =O14/$O$35 -> 0.02186479
A15: 4 - 5 | B15: ='[2]DP8 CAIHUASI S1'!B15+'[2]DP6 CAIHUASI S2'!B15 -> 15 | C15: ='[2]DP8 CAIHUASI S1'!C15+'[2]DP6 CAIHUASI S2'!C15 -> 9 | D15: ='[2]DP8 CAIHUASI S1'!D15+'[2]DP6 CAIHUASI S2'!D15 -> 12 | E15: ='[2]DP8 CAIHUASI S1'!E15+'[2]DP6 CAIHUASI S2'!E15 -> 0 | F15: ='[2]DP8 CAIHUASI S1'!F15+'[2]DP6 CAIHUASI S2'!F15 -> 1 | G15: ='[2]DP8 CAIHUASI S1'!G15+'[2]DP6 CAIHUASI S2'!G15 -> 19 | H15: ='[2]DP8 CAIHUASI S1'!H15+'[2]DP6 CAIHUASI S2'!H15 -> 2 | I15: ='[2]DP8 CAIHUASI S1'!I15+'[2]DP6 CAIHUASI S2'!I15 -> 14 | ... N15: ='[2]DP8 CAIHUASI S1'!N15+'[2]DP6 CAIHUASI S2'!N15 -> 0 | O15: =SUM(B15:N15) -> 109 | P15: =O15/$O$35 -> 0.027393818
A16: 5 - 6 | B16: ='[2]DP8 CAIHUASI S1'!B16+'[2]DP6 CAIHUASI S2'!B16 -> 25 | C16: ='[2]DP8 CAIHUASI S1'!C16+'[2]DP6 CAIHUASI S2'!C16 -> 7 | D16: ='[2]DP8 CAIHUASI S1'!D16+'[2]DP6 CAIHUASI S2'!D16 -> 19 | E16: ='[2]DP8 CAIHUASI S1'!E16+'[2]DP6 CAIHUASI S2'!E16 -> 0 | F16: ='[2]DP8 CAIHUASI S1'!F16+'[2]DP6 CAIHUASI S2'!F16 -> 5 | G16: ='[2]DP8 CAIHUASI S1'!G16+'[2]DP6 CAIHUASI S2'!G16 -> 10 | H16: ='[2]DP8 CAIHUASI S1'!H16+'[2]DP6 CAIHUASI S2'!H16 -> 4 | I16: ='[2]DP8 CAIHUASI S1'!I16+'[2]DP6 CAIHUASI S2'!I16 -> 18 | ... N16: ='[2]DP8 CAIHUASI S1'!N16+'[2]DP6 CAIHUASI S2'!N16 -> 0 | O16: =SUM(B16:N16) -> 160 | P16: =O16/$O$35 -> 0.040211108
A17: 6 - 7 | B17: ='[2]DP8 CAIHUASI S1'!B17+'[2]DP6 CAIHUASI S2'!B17 -> 49 | C17: ='[2]DP8 CAIHUASI S1'!C17+'[2]DP6 CAIHUASI S2'!C17 -> 2 | D17: ='[2]DP8 CAIHUASI S1'!D17+'[2]DP6 CAIHUASI S2'!D17 -> 27 | E17: ='[2]DP8 CAIHUASI S1'!E17+'[2]DP6 CAIHUASI S2'!E17 -> 0 | F17: ='[2]DP8 CAIHUASI S1'!F17+'[2]DP6 CAIHUASI S2'!F17 -> 1 | G17: ='[2]DP8 CAIHUASI S1'!G17+'[2]DP6 CAIHUASI S2'!G17 -> 9 | H17: ='[2]DP8 CAIHUASI S1'!H17+'[2]DP6 CAIHUASI S2'!H17 -> 2 | I17: ='[2]DP8 CAIHUASI S1'!I17+'[2]DP6 CAIHUASI S2'!I17 -> 7 | ... N17: ='[2]DP8 CAIHUASI S1'!N17+'[2]DP6 CAIHUASI S2'!N17 -> 0 | O17: =SUM(B17:N17) -> 141 | P17: =O17/$O$35 -> 0.035436039
A18: 7 - 8 | B18: ='[2]DP8 CAIHUASI S1'!B18+'[2]DP6 CAIHUASI S2'!B18 -> 38 | C18: ='[2]DP8 CAIHUASI S1'!C18+'[2]DP6 CAIHUASI S2'!C18 -> 6 | D18: ='[2]DP8 CAIHUASI S1'!D18+'[2]DP6 CAIHUASI S2'!D18 -> 26 | E18: ='[2]DP8 CAIHUASI S1'!E18+'[2]DP6 CAIHUASI S2'!E18 -> 0 | F18: ='[2]DP8 CAIHUASI S1'!F18+'[2]DP6 CAIHUASI S2'!F18 -> 2 | G18: ='[2]DP8 CAIHUASI S1'!G18+'[2]DP6 CAIHUASI S2'!G18 -> 10 | H18: ='[2]DP8 CAIHUASI S1'!H18+'[2]DP6 CAIHUASI S2'!H18 -> 2 | I18: ='[2]DP8 CAIHUASI S1'!I18+'[2]DP6 CAIHUASI S2'!I18 -> 8 | ... N18: ='[2]DP8 CAIHUASI S1'!N18+'[2]DP6 CAIHUASI S2'!N18 -> 0 | O18: =SUM(B18:N18) -> 136 | P18: =O18/$O$35 -> 0.034179442
A19: 8 - 9 | B19: ='[2]DP8 CAIHUASI S1'!B19+'[2]DP6 CAIHUASI S2'!B19 -> 71 | C19: ='[2]DP8 CAIHUASI S1'!C19+'[2]DP6 CAIHUASI S2'!C19 -> 12 | D19: ='[2]DP8 CAIHUASI S1'!D19+'[2]DP6 CAIHUASI S2'!D19 -> 31 | E19: ='[2]DP8 CAIHUASI S1'!E19+'[2]DP6 CAIHUASI S2'!E19 -> 0 | F19: ='[2]DP8 CAIHUASI S1'!F19+'[2]DP6 CAIHUASI S2'!F19 -> 1 | G19: ='[2]DP8 CAIHUASI S1'!G19+'[2]DP6 CAIHUASI S2'!G19 -> 10 | H19: ='[2]DP8 CAIHUASI S1'!H19+'[2]DP6 CAIHUASI S2'!H19 -> 4 | I19: ='[2]DP8 CAIHUASI S1'!I19+'[2]DP6 CAIHUASI S2'!I19 -> 6 | ... N19: ='[2]DP8 CAIHUASI S1'!N19+'[2]DP6 CAIHUASI S2'!N19 -> 0 | O19: =SUM(B19:N19) -> 182 | P19: =O19/$O$35 -> 0.045740136
A20: 9 - 10 | B20: ='[2]DP8 CAIHUASI S1'!B20+'[2]DP6 CAIHUASI S2'!B20 -> 65 | C20: ='[2]DP8 CAIHUASI S1'!C20+'[2]DP6 CAIHUASI S2'!C20 -> 9 | D20: ='[2]DP8 CAIHUASI S1'!D20+'[2]DP6 CAIHUASI S2'!D20 -> 35 | E20: ='[2]DP8 CAIHUASI S1'!E20+'[2]DP6 CAIHUASI S2'!E20 -> 0 | F20: ='[2]DP8 CAIHUASI S1'!F20+'[2]DP6 CAIHUASI S2'!F20 -> 0 | G20: ='[2]DP8 CAIHUASI S1'!G20+'[2]DP6 CAIHUASI S2'!G20 -> 12 | H20: ='[2]DP8 CAIHUASI S1'!H20+'[2]DP6 CAIHUASI S2'!H20 -> 2 | I20: ='[2]DP8 CAIHUASI S1'!I20+'[2]DP6 CAIHUASI S2'!I20 -> 8 | ... N20: ='[2]DP8 CAIHUASI S1'!N20+'[2]DP6 CAIHUASI S2'!N20 -> 0 | O20: =SUM(B20:N20) -> 162 | P20: =O20/$O$35 -> 0.040713747
A21: 10 - 11 | B21: ='[2]DP8 CAIHUASI S1'!B21+'[2]DP6 CAIHUASI S2'!B21 -> 67 | C21: ='[2]DP8 CAIHUASI S1'!C21+'[2]DP6 CAIHUASI S2'!C21 -> 5 | D21: ='[2]DP8 CAIHUASI S1'!D21+'[2]DP6 CAIHUASI S2'!D21 -> 29 | E21: ='[2]DP8 CAIHUASI S1'!E21+'[2]DP6 CAIHUASI S2'!E21 -> 0 | F21: ='[2]DP8 CAIHUASI S1'!F21+'[2]DP6 CAIHUASI S2'!F21 -> 5 | G21: ='[2]DP8 CAIHUASI S1'!G21+'[2]DP6 CAIHUASI S2'!G21 -> 20 | H21: ='[2]DP8 CAIHUASI S1'!H21+'[2]DP6 CAIHUASI S2'!H21 -> 1 | I21: ='[2]DP8 CAIHUASI S1'!I21+'[2]DP6 CAIHUASI S2'!I21 -> 5 | ... N21: ='[2]DP8 CAIHUASI S1'!N21+'[2]DP6 CAIHUASI S2'!N21 -> 0 | O21: =SUM(B21:N21) -> 156 | P21: =O21/$O$35 -> 0.039205831
A22: 11 - 12 | B22: ='[2]DP8 CAIHUASI S1'!B22+'[2]DP6 CAIHUASI S2'!B22 -> 84 | C22: ='[2]DP8 CAIHUASI S1'!C22+'[2]DP6 CAIHUASI S2'!C22 -> 7 | D22: ='[2]DP8 CAIHUASI S1'!D22+'[2]DP6 CAIHUASI S2'!D22 -> 32 | E22: ='[2]DP8 CAIHUASI S1'!E22+'[2]DP6 CAIHUASI S2'!E22 -> 0 | F22: ='[2]DP8 CAIHUASI S1'!F22+'[2]DP6 CAIHUASI S2'!F22 -> 6 | G22: ='[2]DP8 CAIHUASI S1'!G22+'[2]DP6 CAIHUASI S2'!G22 -> 18 | H22: ='[2]DP8 CAIHUASI S1'!H22+'[2]DP6 CAIHUASI S2'!H22 -> 3 | I22: ='[2]DP8 CAIHUASI S1'!I22+'[2]DP6 CAIHUASI S2'!I22 -> 5 | ... N22: ='[2]DP8 CAIHUASI S1'!N22+'[2]DP6 CAIHUASI S2'!N22 -> 0 | O22: =SUM(B22:N22) -> 182 | P22: =O22/$O$35 -> 0.045740136
... A34: 23 - 24 | B34: ='[2]DP8 CAIHUASI S1'!B34+'[2]DP6 CAIHUASI S2'!B34 -> 35 | C34: ='[2]DP8 CAIHUASI S1'!C34+'[2]DP6 CAIHUASI S2'!C34 -> 2 | D34: ='[2]DP8 CAIHUASI S1'!D34+'[2]DP6 CAIHUASI S2'!D34 -> 8 | E34: ='[2]DP8 CAIHUASI S1'!E34+'[2]DP6 CAIHUASI S2'!E34 -> 0 | F34: ='[2]DP8 CAIHUASI S1'!F34+'[2]DP6 CAIHUASI S2'!F34 -> 6 | G34: ='[2]DP8 CAIHUASI S1'!G34+'[2]DP6 CAIHUASI S2'!G34 -> 27 | H34: ='[2]DP8 CAIHUASI S1'!H34+'[2]DP6 CAIHUASI S2'!H34 -> 0 | I34: ='[2]DP8 CAIHUASI S1'!I34+'[2]DP6 CAIHUASI S2'!I34 -> 17 | ... N34: ='[2]DP8 CAIHUASI S1'!N34+'[2]DP6 CAIHUASI S2'!N34 -> 0 | O34: =SUM(B34:N34) -> 136 | P34: =O34/$O$35 -> 0.034179442
A35: TOTAL | B35: =SUM(B11:B34) -> 1423 | C35: =SUM(C11:C34) -> 177 | D35: =SUM(D11:D34) -> 568 | E35: =SUM(E11:E34) -> 1 | F35: =SUM(F11:F34) -> 82 | G35: =SUM(G11:G34) -> 538 | H35: =SUM(H11:H34) -> 49 | I35: =SUM(I11:I34) -> 208 | ... P35: =SUM(P11:P34) -> 1
A36: (%) | B36: =B35/$O$35 -> 0.35762754 | C36: =C35/$O$35 -> 0.044483539 | D36: =D35/$O$35 -> 0.14274943 | E36: =E35/$O$35 -> 0.00025131943 | F36: =F35/$O$35 -> 0.020608193 | G36: =G35/$O$35 -> 0.13520985 | H36: =H35/$O$35 -> 0.012314652 | I36: =I35/$O$35 -> 0.052274441 | ... N36: =N35/$O$35 -> 0 | O36: =SUM(B36:N36) -> 1

Sheet dia 3
A3: RESUMEN DE CONTEO
A4: CLASIFICACIÓN DE VEHÍCULOS
A6: CAMINO:DOBLE VIA ORURO - COCHABAMBA | J6: DEPARTAMENTO:
A7: ESTACIÓN: cAHIHUASI | F7: Nº. | G7: S/N
A8: TRAMO: 1 | J8: FECHA:
A10: HORA DE - A | B10: AUTOMÓVILES VAGONETAS Y JEEP | C10: CAMIONETAS | D10: MINIBUSES | E10: MICROBUSES (DOS EJES) | F10: BÚS MEDIANO (DOS EJES) | G10: BÚS GRANDE (DOS O MAS EJES) | H10: CAMIÓN MEDIANO (DOS EJES) | I10: CAMIÓN GRANDE ( DOS EJES) | J10: CAMION GRANDE (TRES EJES) | K10: CAMIÓN CON SEMIRREMOLQUE | L10: CAMION CON REMOLQUE | M10: MOTOCICLETAS | N10: OTROS VEHICULOS | O10: TOTAL | P10: PORCENTAJE
A11: 0 - 1 | B11: ='[3]DP8 CAIHUASI S1'!B11+'[3]DP6 CAIHUASI S2'!B11 -> 43 | C11: ='[3]DP8 CAIHUASI S1'!C11+'[3]DP6 CAIHUASI S2'!C11 -> 3 | D11: ='[3]DP8 CAIHUASI S1'!D11+'[3]DP6 CAIHUASI S2'!D11 -> 5 | E11: ='[3]DP8 CAIHUASI S1'!E11+'[3]DP6 CAIHUASI S2'!E11 -> 0 | F11: ='[3]DP8 CAIHUASI S1'!F11+'[3]DP6 CAIHUASI S2'!F11 -> 6 | G11: ='[3]DP8 CAIHUASI S1'!G11+'[3]DP6 CAIHUASI S2'!G11 -> 23 | H11: ='[3]DP8 CAIHUASI S1'!H11+'[3]DP6 CAIHUASI S2'!H11 -> 1 | I11: ='[3]DP8 CAIHUASI S1'!I11+'[3]DP6 CAIHUASI S2'!I11 -> 7 | ... N11: ='[3]DP8 CAIHUASI S1'!N11+'[3]DP6 CAIHUASI S2'!N11 -> 0 | O11: =SUM(B11:N11) -> 112 | P11: =O11/$O$35 -> 0.031764039
A12: 1 - 2 | B12: ='[3]DP8 CAIHUASI S1'!B12+'[3]DP6 CAIHUASI S2'!B12 -> 19 | C12: ='[3]DP8 CAIHUASI S1'!C12+'[3]DP6 CAIHUASI S2'!C12 -> 3 | D12: ='[3]DP8 CAIHUASI S1'!D12+'[3]DP6 CAIHUASI S2'!D12 -> 7 | E12: ='[3]DP8 CAIHUASI S1'!E12+'[3]DP6 CAIHUASI S2'!E12 -> 0 | F12: ='[3]DP8 CAIHUASI S1'!F12+'[3]DP6 CAIHUASI S2'!F12 -> 3 | G12: ='[3]DP8 CAIHUASI S1'!G12+'[3]DP6 CAIHUASI S2'!G12 -> 52 | H12: ='[3]DP8 CAIHUASI S1'!H12+'[3]DP6 CAIHUASI S2'!H12 -> 0 | I12: ='[3]DP8 CAIHUASI S1'!I12+'[3]DP6 CAIHUASI S2'!I12 -> 8 | ... N12: ='[3]DP8 CAIHUASI S1'!N12+'[3]DP6 CAIHUASI S2'!N12 -> 0 | O12: =SUM(B12:N12) -> 111 | P12: =O12/$O$35 -> 0.031480431
A13: 2 - 3 | B13: ='[3]DP8 CAIHUASI S1'!B13+'[3]DP6 CAIHUASI S2'!B13 -> 23 | C13: ='[3]DP8 CAIHUASI S1'!C13+'[3]DP6 CAIHUASI S2'!C13 -> 3 | D13: ='[3]DP8 CAIHUASI S1'!D13+'[3]DP6 CAIHUASI S2'!D13 -> 8 | E13: ='[3]DP8 CAIHUASI S1'!E13+'[3]DP6 CAIHUASI S2'!E13 -> 0 | F13: ='[3]DP8 CAIHUASI S1'!F13+'[3]DP6 CAIHUASI S2'!F13 -> 0 | G13: ='[3]DP8 CAIHUASI S1'!G13+'[3]DP6 CAIHUASI S2'!G13 -> 66 | H13: ='[3]DP8 CAIHUASI S1'!H13+'[3]DP6 CAIHUASI S2'!H13 -> 1 | I13: ='[3]DP8 CAIHUASI S1'!I13+'[3]DP6 CAIHUASI S2'!I13 -> 4 | ... N13: ='[3]DP8 CAIHUASI S1'!N13+'[3]DP6 CAIHUASI S2'!N13 -> 0 | O13: =SUM(B13:N13) -> 118 | P13: =O13/$O$35 -> 0.033465683
A14: 3 - 4 | B14: ='[3]DP8 CAIHUASI S1'!B14+'[3]DP6 CAIHUASI S2'!B14 -> 17 | C14: ='[3]DP8 CAIHUASI S1'!C14+'[3]DP6 CAIHUASI S2'!C14 -> 9 | D14: ='[3]DP8 CAIHUASI S1'!D14+'[3]DP6 CAIHUASI S2'!D14 -> 5 | E14: ='[3]DP8 CAIHUASI S1'!E14+'[3]DP6 CAIHUASI S2'!E14 -> 0 | F14: ='[3]DP8 CAIHUASI S1'!F14+'[3]DP6 CAIHUASI S2'!F14 -> 46 | G14: ='[3]DP8 CAIHUASI S1'!G14+'[3]DP6 CAIHUASI S2'!G14 -> 35 | H14: ='[3]DP8 CAIHUASI S1'!H14+'[3]DP6 CAIHUASI S2'!H14 -> 2 | I14: ='[3]DP8 CAIHUASI S1'!I14+'[3]DP6 CAIHUASI S2'!I14 -> 6 | ... N14: ='[3]DP8 CAIHUASI S1'!N14+'[3]DP6 CAIHUASI S2'!N14 -> 0 | O14: =SUM(B14:N14) -> 152 | P14: =O14/$O$35 -> 0.043108338
A15: 4 - 5 | B15: ='[3]DP8 CAIHUASI S1'!B15+'[3]DP6 CAIHUASI S2'!B15 -> 30 | C15: ='[3]DP8 CAIHUASI S1'!C15+'[3]DP6 CAIHUASI S2'!C15 -> 2 | D15: ='[3]DP8 CAIHUASI S1'!D15+'[3]DP6 CAIHUASI S2'!D15 -> 18 | E15: ='[3]DP8 CAIHUASI S1'!E15+'[3]DP6 CAIHUASI S2'!E15 -> 0 | F15: ='[3]DP8 CAIHUASI S1'!F15+'[3]DP6 CAIHUASI S2'!F15 -> 2 | G15: ='[3]DP8 CAIHUASI S1'!G15+'[3]DP6 CAIHUASI S2'!G15 -> 41 | H15: ='[3]DP8 CAIHUASI S1'!H15+'[3]DP6 CAIHUASI S2'!H15 -> 1 | I15: ='[3]DP8 CAIHUASI S1'!I15+'[3]DP6 CAIHUASI S2'!I15 -> 7 | ... N15: ='[3]DP8 CAIHUASI S1'!N15+'[3]DP6 CAIHUASI S2'!N15 -> 0 | O15: =SUM(B15:N15) -> 142 | P15: =O15/$O$35 -> 0.040272263
A16: 5 - 6 | B16: ='[3]DP8 CAIHUASI S1'!B16+'[3]DP6 CAIHUASI S2'!B16 -> 33 | C16: ='[3]DP8 CAIHUASI S1'!C16+'[3]DP6 CAIHUASI S2'!C16 -> 3 | D16: ='[3]DP8 CAIHUASI S1'!D16+'[3]DP6 CAIHUASI S2'!D16 -> 18 | E16: ='[3]DP8 CAIHUASI S1'!E16+'[3]DP6 CAIHUASI S2'!E16 -> 0 | F16: ='[3]DP8 CAIHUASI S1'!F16+'[3]DP6 CAIHUASI S2'!F16 -> 6 | G16: ='[3]DP8 CAIHUASI S1'!G16+'[3]DP6 CAIHUASI S2'!G16 -> 17 | H16: ='[3]DP8 CAIHUASI S1'!H16+'[3]DP6 CAIHUASI S2'!H16 -> 7 | I16: ='[3]DP8 CAIHUASI S1'!I16+'[3]DP6 CAIHUASI S2'!I16 -> 22 | ... N16: ='[3]DP8 CAIHUASI S1'!N16+'[3]DP6 CAIHUASI S2'!N16 -> 0 | O16: =SUM(B16:N16) -> 159 | P16: =O16/$O$35 -> 0.04509359
A17: 6 - 7 | B17: ='[3]DP8 CAIHUASI S1'!B17+'[3]DP6 CAIHUASI S2'!B17 -> 27 | C17: ='[3]DP8 CAIHUASI S1'!C17+'[3]DP6 CAIHUASI S2'!C17 -> 9 | D17: ='[3]DP8 CAIHUASI S1'!D17+'[3]DP6 CAIHUASI S2'!D17 -> 13 | E17: ='[3]DP8 CAIHUASI S1'!E17+'[3]DP6 CAIHUASI S2'!E17 -> 0 | F17: ='[3]DP8 CAIHUASI S1'!F17+'[3]DP6 CAIHUASI S2'!F17 -> 0 | G17: ='[3]DP8 CAIHUASI S1'!G17+'[3]DP6 CAIHUASI S2'!G17 -> 10 | H17: ='[3]DP8 CAIHUASI S1'!H17+'[3]DP6 CAIHUASI S2'!H17 -> 1 | I17: ='[3]DP8 CAIHUASI S1'!I17+'[3]DP6 CAIHUASI S2'!I17 -> 1 | ... N17: ='[3]DP8 CAIHUASI S1'!N17+'[3]DP6 CAIHUASI S2'!N17 -> 0 | O17: =SUM(B17:N17) -> 82 | P17: =O17/$O$35 -> 0.023255814
A18: 7 - 8 | B18: ='[3]DP8 CAIHUASI S1'!B18+'[3]DP6 CAIHUASI S2'!B18 -> 32 | C18: ='[3]DP8 CAIHUASI S1'!C18+'[3]DP6 CAIHUASI S2'!C18 -> 2 | D18: ='[3]DP8 CAIHUASI S1'!D18+'[3]DP6 CAIHUASI S2'!D18 -> 19 | E18: ='[3]DP8 CAIHUASI S1'!E18+'[3]DP6 CAIHUASI S2'!E18 -> 1 | F18: ='[3]DP8 CAIHUASI S1'!F18+'[3]DP6 CAIHUASI S2'!F18 -> 3 | G18: ='[3]DP8 CAIHUASI S1'!G18+'[3]DP6 CAIHUASI S2'!G18 -> 5 | H18: ='[3]DP8 CAIHUASI S1'!H18+'[3]DP6 CAIHUASI S2'!H18 -> 1 | I18: ='[3]DP8 CAIHUASI S1'!I18+'[3]DP6 CAIHUASI S2'!I18 -> 5 | ... N18: ='[3]DP8 CAIHUASI S1'!N18+'[3]DP6 CAIHUASI S2'!N18 -> 0 | O18: =SUM(B18:N18) -> 94 | P18: =O18/$O$35 -> 0.026659104
A19: 8 - 9 | B19: ='[3]DP8 CAIHUASI S1'!B19+'[3]DP6 CAIHUASI S2'!B19 -> 62 | C19: ='[3]DP8 CAIHUASI S1'!C19+'[3]DP6 CAIHUASI S2'!C19 -> 10 | D19: ='[3]DP8 CAIHUASI S1'!D19+'[3]DP6 CAIHUASI S2'!D19 -> 34 | E19: ='[3]DP8 CAIHUASI S1'!E19+'[3]DP6 CAIHUASI S2'!E19 -> 0 | F19: ='[3]DP8 CAIHUASI S1'!F19+'[3]DP6 CAIHUASI S2'!F19 -> 2 | G19: ='[3]DP8 CAIHUASI S1'!G19+'[3]DP6 CAIHUASI S2'!G19 -> 13 | H19: ='[3]DP8 CAIHUASI S1'!H19+'[3]DP6 CAIHUASI S2'!H19 -> 1 | I19: ='[3]DP8 CAIHUASI S1'!I19+'[3]DP6 CAIHUASI S2'!I19 -> 9 | ... N19: ='[3]DP8 CAIHUASI S1'!N19+'[3]DP6 CAIHUASI S2'!N19 -> 0 | O19: =SUM(B19:N19) -> 165 | P19: =O19/$O$35 -> 0.046795235
A20: 9 - 10 | B20: ='[3]DP8 CAIHUASI S1'!B20+'[3]DP6 CAIHUASI S2'!B20 -> 36 | C20: ='[3]DP8 CAIHUASI S1'!C20+'[3]DP6 CAIHUASI S2'!C20 -> 6 | D20: ='[3]DP8 CAIHUASI S1'!D20+'[3]DP6 CAIHUASI S2'!D20 -> 15 | E20: ='[3]DP8 CAIHUASI S1'!E20+'[3]DP6 CAIHUASI S2'!E20 -> 0 | F20: ='[3]DP8 CAIHUASI S1'!F20+'[3]DP6 CAIHUASI S2'!F20 -> 1 | G20: ='[3]DP8 CAIHUASI S1'!G20+'[3]DP6 CAIHUASI S2'!G20 -> 9 | H20: ='[3]DP8 CAIHUASI S1'!H20+'[3]DP6 CAIHUASI S2'!H20 -> 0 | I20: ='[3]DP8 CAIHUASI S1'!I20+'[3]DP6 CAIHUASI S2'!I20 -> 2 | ... N20: ='[3]DP8 CAIHUASI S1'!N20+'[3]DP6 CAIHUASI S2'!N20 -> 0 | O20: =SUM(B20:N20) -> 88 | P20: =O20/$O$35 -> 0.024957459
A21: 10 - 11 | B21: ='[3]DP8 CAIHUASI S1'!B21+'[3]DP6 CAIHUASI S2'!B21 -> 55 | C21: ='[3]DP8 CAIHUASI S1'!C21+'[3]DP6 CAIHUASI S2'!C21 -> 7 | D21: ='[3]DP8 CAIHUASI S1'!D21+'[3]DP6 CAIHUASI S2'!D21 -> 27 | E21: ='[3]DP8 CAIHUASI S1'!E21+'[3]DP6 CAIHUASI S2'!E21 -> 2 | F21: ='[3]DP8 CAIHUASI S1'!F21+'[3]DP6 CAIHUASI S2'!F21 -> 2 | G21: ='[3]DP8 CAIHUASI S1'!G21+'[3]DP6 CAIHUASI S2'!G21 -> 19 | H21: ='[3]DP8 CAIHUASI S1'!H21+'[3]DP6 CAIHUASI S2'!H21 -> 1 | I21: ='[3]DP8 CAIHUASI S1'!I21+'[3]DP6 CAIHUASI S2'!I21 -> 8 | ... N21: ='[3]DP8 CAIHUASI S1'!N21+'[3]DP6 CAIHUASI S2'!N21 -> 0 | O21: =SUM(B21:N21) -> 148 | P21: =O21/$O$35 -> 0.041973908
A22: 11 - 12 | B22: ='[3]DP8 CAIHUASI S1'!B22+'[3]DP6 CAIHUASI S2'!B22 -> 62 | C22: ='[3]DP8 CAIHUASI S1'!C22+'[3]DP6 CAIHUASI S2'!C22 -> 11 | D22: ='[3]DP8 CAIHUASI S1'!D22+'[3]DP6 CAIHUASI S2'!D22 -> 31 | E22: ='[3]DP8 CAIHUASI S1'!E22+'[3]DP6 CAIHUASI S2'!E22 -> 1 | F22: ='[3]DP8 CAIHUASI S1'!F22+'[3]DP6 CAIHUASI S2'!F22 -> 0 | G22: ='[3]DP8 CAIHUASI S1'!G22+'[3]DP6 CAIHUASI S2'!G22 -> 25 | H22: ='[3]DP8 CAIHUASI S1'!H22+'[3]DP6 CAIHUASI S2'!H22 -> 1 | I22: ='[3]DP8 CAIHUASI S1'!I22+'[3]DP6 CAIHUASI S2'!I22 -> 5 | ... N22: ='[3]DP8 CAIHUASI S1'!N22+'[3]DP6 CAIHUASI S2'!N22 -> 0 | O22: =SUM(B22:N22) -> 157 | P22: =O22/$O$35 -> 0.044526375
... A34: 23 - 24 | B34: ='[3]DP8 CAIHUASI S1'!B34+'[3]DP6 CAIHUASI S2'!B34 -> 11 | C34: ='[3]DP8 CAIHUASI S1'!C34+'[3]DP6 CAIHUASI S2'!C34 -> 2 | D34: ='[3]DP8 CAIHUASI S1'!D34+'[3]DP6 CAIHUASI S2'!D34 -> 5 | E34: ='[3]DP8 CAIHUASI S1'!E34+'[3]DP6 CAIHUASI S2'!E34 -> 0 | F34: ='[3]DP8 CAIHUASI S1'!F34+'[3]DP6 CAIHUASI S2'!F34 -> 2 | G34: ='[3]DP8 CAIHUASI S1'!G34+'[3]DP6 CAIHUASI S2'!G34 -> 3 | H34: ='[3]DP8 CAIHUASI S1'!H34+'[3]DP6 CAIHUASI S2'!H34 -> 1 | I34: ='[3]DP8 CAIHUASI S1'!I34+'[3]DP6 CAIHUASI S2'!I34 -> 3 | ... N34: ='[3]DP8 CAIHUASI S1'!N34+'[3]DP6 CAIHUASI S2'!N34 -> 0 | O34: =SUM(B34:N34) -> 46 | P34: =O34/$O$35 -> 0.013045944
A35: TOTAL | B35: =SUM(B11:B34) -> 1108 | C35: =SUM(C11:C34) -> 169 | D35: =SUM(D11:D34) -> 535 | E35: =SUM(E11:E34) -> 6 | F35: =SUM(F11:F34) -> 102 | G35: =SUM(G11:G34) -> 578 | H35: =SUM(H11:H34) -> 45 | I35: =SUM(I11:I34) -> 219 | ... P35: =SUM(P11:P34) -> 1
A36: (%) | B36: =B35/$O$35 -> 0.3142371 | C36: =C35/$O$35 -> 0.047929665 | D36: =D35/$O$35 -> 0.15173001 | E36: =E35/$O$35 -> 0.0017016449 | F36: =F35/$O$35 -> 0.028927964 | G36: =G35/$O$35 -> 0.16392513 | H36: =H35/$O$35 -> 0.012762337 | I36: =I35/$O$35 -> 0.06211004 | ... N36: =N35/$O$35 -> 0 | O36: =SUM(B36:N36) -> 1

Sheet dia 4
A3: RESUMEN DE CONTEO
A4: CLASIFICACIÓN DE VEHÍCULOS
A6: CAMINO:DOBLE VIA ORURO - COCHABAMBA | J6: DEPARTAMENTO:
A7: ESTACIÓN: Villapata | F7: Nº. | G7: S/N
A8: TRAMO: 1 | J8: FECHA:
A10: HORA DE - A | B10: AUTOMÓVILES VAGONETAS Y JEEP | C10: CAMIONETAS | D10: MINIBUSES | E10: MICROBUSES (DOS EJES) | F10: BÚS MEDIANO (DOS EJES) | G10: BÚS GRANDE (DOS O MAS EJES) | H10: CAMIÓN MEDIANO (DOS EJES) | I10: CAMIÓN GRANDE ( DOS EJES) | J10: CAMION GRANDE (TRES EJES) | K10: CAMIÓN CON SEMIRREMOLQUE | L10: CAMION CON REMOLQUE | M10: MOTOCICLETAS | N10: OTROS VEHICULOS | O10: TOTAL | P10: PORCENTAJE
A11: 0 - 1 | B11: ='[4]DP8 CAIHUASI S1'!B11+'[4]DP6 CAIHUASI S2'!B11 -> 15 | C11: ='[4]DP8 CAIHUASI S1'!C11+'[4]DP6 CAIHUASI S2'!C11 -> 0 | D11: ='[4]DP8 CAIHUASI S1'!D11+'[4]DP6 CAIHUASI S2'!D11 -> 6 | E11: ='[4]DP8 CAIHUASI S1'!E11+'[4]DP6 CAIHUASI S2'!E11 -> 0 | F11: ='[4]DP8 CAIHUASI S1'!F11+'[4]DP6 CAIHUASI S2'!F11 -> 5 | G11: ='[4]DP8 CAIHUASI S1'!G11+'[4]DP6 CAIHUASI S2'!G11 -> 24 | H11: ='[4]DP8 CAIHUASI S1'!H11+'[4]DP6 CAIHUASI S2'!H11 -> 1 | I11: ='[4]DP8 CAIHUASI S1'!I11+'[4]DP6 CAIHUASI S2'!I11 -> 13 | ... N11: ='[4]DP8 CAIHUASI S1'!N11+'[4]DP6 CAIHUASI S2'!N11 -> 0 | O11: =SUM(B11:N11) -> 109 | P11: =O11/$O$35 -> 0.034051859
A12: 1 - 2 | B12: ='[4]DP8 CAIHUASI S1'!B12+'[4]DP6 CAIHUASI S2'!B12 -> 11 | C12: ='[4]DP8 CAIHUASI S1'!C12+'[4]DP6 CAIHUASI S2'!C12 -> 4 | D12: ='[4]DP8 CAIHUASI S1'!D12+'[4]DP6 CAIHUASI S2'!D12 -> 4 | E12: ='[4]DP8 CAIHUASI S1'!E12+'[4]DP6 CAIHUASI S2'!E12 -> 0 | F12: ='[4]DP8 CAIHUASI S1'!F12+'[4]DP6 CAIHUASI S2'!F12 -> 7 | G12: ='[4]DP8 CAIHUASI S1'!G12+'[4]DP6 CAIHUASI S2'!G12 -> 41 | H12: ='[4]DP8 CAIHUASI S1'!H12+'[4]DP6 CAIHUASI S2'!H12 -> 1 | I12: ='[4]DP8 CAIHUASI S1'!I12+'[4]DP6 CAIHUASI S2'!I12 -> 8 | ... N12: ='[4]DP8 CAIHUASI S1'!N12+'[4]DP6 CAIHUASI S2'!N12 -> 0 | O12: =SUM(B12:N12) -> 108 | P12: =O12/$O$35 -> 0.033739456
A13: 2 - 3 | B13: ='[4]DP8 CAIHUASI S1'!B13+'[4]DP6 CAIHUASI S2'!B13 -> 20 | C13: ='[4]DP8 CAIHUASI S1'!C13+'[4]DP6 CAIHUASI S2'!C13 -> 0 | D13: ='[4]DP8 CAIHUASI S1'!D13+'[4]DP6 CAIHUASI S2'!D13 -> 8 | E13: ='[4]DP8 CAIHUASI S1'!E13+'[4]DP6 CAIHUASI S2'!E13 -> 0 | F13: ='[4]DP8 CAIHUASI S1'!F13+'[4]DP6 CAIHUASI S2'!F13 -> 0 | G13: ='[4]DP8 CAIHUASI S1'!G13+'[4]DP6 CAIHUASI S2'!G13 -> 72 | H13: ='[4]DP8 CAIHUASI S1'!H13+'[4]DP6 CAIHUASI S2'!H13 -> 1 | I13: ='[4]DP8 CAIHUASI S1'!I13+'[4]DP6 CAIHUASI S2'!I13 -> 13 | ... N13: ='[4]DP8 CAIHUASI S1'!N13+'[4]DP6 CAIHUASI S2'!N13 -> 0 | O13: =SUM(B13:N13) -> 143 | P13: =O13/$O$35 -> 0.04467354
A14: 3 - 4 | B14: ='[4]DP8 CAIHUASI S1'!B14+'[4]DP6 CAIHUASI S2'!B14 -> 17 | C14: ='[4]DP8 CAIHUASI S1'!C14+'[4]DP6 CAIHUASI S2'!C14 -> 1 | D14: ='[4]DP8 CAIHUASI S1'!D14+'[4]DP6 CAIHUASI S2'!D14 -> 1 | E14: ='[4]DP8 CAIHUASI S1'!E14+'[4]DP6 CAIHUASI S2'!E14 -> 0 | F14: ='[4]DP8 CAIHUASI S1'!F14+'[4]DP6 CAIHUASI S2'!F14 -> 0 | G14: ='[4]DP8 CAIHUASI S1'!G14+'[4]DP6 CAIHUASI S2'!G14 -> 17 | H14: ='[4]DP8 CAIHUASI S1'!H14+'[4]DP6 CAIHUASI S2'!H14 -> 0 | I14: ='[4]DP8 CAIHUASI S1'!I14+'[4]DP6 CAIHUASI S2'!I14 -> 1 | ... N14: ='[4]DP8 CAIHUASI S1'!N14+'[4]DP6 CAIHUASI S2'!N14 -> 0 | O14: =SUM(B14:N14) -> 63 | P14: =O14/$O$35 -> 0.01968135
A15: 4 - 5 | B15: ='[4]DP8 CAIHUASI S1'!B15+'[4]DP6 CAIHUASI S2'!B15 -> 12 | C15: ='[4]DP8 CAIHUASI S1'!C15+'[4]DP6 CAIHUASI S2'!C15 -> 1 | D15: ='[4]DP8 CAIHUASI S1'!D15+'[4]DP6 CAIHUASI S2'!D15 -> 3 | E15: ='[4]DP8 CAIHUASI S1'!E15+'[4]DP6 CAIHUASI S2'!E15 -> 0 | F15: ='[4]DP8 CAIHUASI S1'!F15+'[4]DP6 CAIHUASI S2'!F15 -> 0 | G15: ='[4]DP8 CAIHUASI S1'!G15+'[4]DP6 CAIHUASI S2'!G15 -> 16 | H15: ='[4]DP8 CAIHUASI S1'!H15+'[4]DP6 CAIHUASI S2'!H15 -> 0 | I15: ='[4]DP8 CAIHUASI S1'!I15+'[4]DP6 CAIHUASI S2'!I15 -> 2 | ... N15: ='[4]DP8 CAIHUASI S1'!N15+'[4]DP6 CAIHUASI S2'!N15 -> 0 | O15: =SUM(B15:N15) -> 60 | P15: =O15/$O$35 -> 0.018744142
A16: 5 - 6 | B16: ='[4]DP8 CAIHUASI S1'!B16+'[4]DP6 CAIHUASI S2'!B16 -> 18 | C16: ='[4]DP8 CAIHUASI S1'!C16+'[4]DP6 CAIHUASI S2'!C16 -> 1 | D16: ='[4]DP8 CAIHUASI S1'!D16+'[4]DP6 CAIHUASI S2'!D16 -> 7 | E16: ='[4]DP8 CAIHUASI S1'!E16+'[4]DP6 CAIHUASI S2'!E16 -> 0 | F16: ='[4]DP8 CAIHUASI S1'!F16+'[4]DP6 CAIHUASI S2'!F16 -> 0 | G16: ='[4]DP8 CAIHUASI S1'!G16+'[4]DP6 CAIHUASI S2'!G16 -> 6 | H16: ='[4]DP8 CAIHUASI S1'!H16+'[4]DP6 CAIHUASI S2'!H16 -> 0 | I16: ='[4]DP8 CAIHUASI S1'!I16+'[4]DP6 CAIHUASI S2'!I16 -> 10 | ... N16: ='[4]DP8 CAIHUASI S1'!N16+'[4]DP6 CAIHUASI S2'!N16 -> 0 | O16: =SUM(B16:N16) -> 66 | P16: =O16/$O$35 -> 0.020618557
A17: 6 - 7 | B17: ='[4]DP8 CAIHUASI S1'!B17+'[4]DP6 CAIHUASI S2'!B17 -> 27 | C17: ='[4]DP8 CAIHUASI S1'!C17+'[4]DP6 CAIHUASI S2'!C17 -> 3 | D17: ='[4]DP8 CAIHUASI S1'!D17+'[4]DP6 CAIHUASI S2'!D17 -> 26 | E17: ='[4]DP8 CAIHUASI S1'!E17+'[4]DP6 CAIHUASI S2'!E17 -> 0 | F17: ='[4]DP8 CAIHUASI S1'!F17+'[4]DP6 CAIHUASI S2'!F17 -> 2 | G17: ='[4]DP8 CAIHUASI S1'!G17+'[4]DP6 CAIHUASI S2'!G17 -> 10 | H17: ='[4]DP8 CAIHUASI S1'!H17+'[4]DP6 CAIHUASI S2'!H17 -> 0 | I17: ='[4]DP8 CAIHUASI S1'!I17+'[4]DP6 CAIHUASI S2'!I17 -> 6 | ... N17: ='[4]DP8 CAIHUASI S1'!N17+'[4]DP6 CAIHUASI S2'!N17 -> 0 | O17: =SUM(B17:N17) -> 114 | P17: =O17/$O$35 -> 0.035613871
A18: 7 - 8 | B18: ='[4]DP8 CAIHUASI S1'!B18+'[4]DP6 CAIHUASI S2'!B18 -> 32 | C18: ='[4]DP8 CAIHUASI S1'!C18+'[4]DP6 CAIHUASI S2'!C18 -> 9 | D18: ='[4]DP8 CAIHUASI S1'!D18+'[4]DP6 CAIHUASI S2'!D18 -> 30 | E18: ='[4]DP8 CAIHUASI S1'!E18+'[4]DP6 CAIHUASI S2'!E18 -> 0 | F18: ='[4]DP8 CAIHUASI S1'!F18+'[4]DP6 CAIHUASI S2'!F18 -> 3 | G18: ='[4]DP8 CAIHUASI S1'!G18+'[4]DP6 CAIHUASI S2'!G18 -> 9 | H18: ='[4]DP8 CAIHUASI S1'!H18+'[4]DP6 CAIHUASI S2'!H18 -> 1 | I18: ='[4]DP8 CAIHUASI S1'!I18+'[4]DP6 CAIHUASI S2'!I18 -> 11 | ... N18: ='[4]DP8 CAIHUASI S1'!N18+'[4]DP6 CAIHUASI S2'!N18 -> 0 | O18: =SUM(B18:N18) -> 122 | P18: =O18/$O$35 -> 0.03811309
A19: 8 - 9 | B19: ='[4]DP8 CAIHUASI S1'!B19+'[4]DP6 CAIHUASI S2'!B19 -> 31 | C19: ='[4]DP8 CAIHUASI S1'!C19+'[4]DP6 CAIHUASI S2'!C19 -> 9 | D19: ='[4]DP8 CAIHUASI S1'!D19+'[4]DP6 CAIHUASI S2'!D19 -> 23 | E19: ='[4]DP8 CAIHUASI S1'!E19+'[4]DP6 CAIHUASI S2'!E19 -> 0 | F19: ='[4]DP8 CAIHUASI S1'!F19+'[4]DP6 CAIHUASI S2'!F19 -> 3 | G19: ='[4]DP8 CAIHUASI S1'!G19+'[4]DP6 CAIHUASI S2'!G19 -> 11 | H19: ='[4]DP8 CAIHUASI S1'!H19+'[4]DP6 CAIHUASI S2'!H19 -> 2 | I19: ='[4]DP8 CAIHUASI S1'!I19+'[4]DP6 CAIHUASI S2'!I19 -> 5 | ... N19: ='[4]DP8 CAIHUASI S1'!N19+'[4]DP6 CAIHUASI S2'!N19 -> 0 | O19: =SUM(B19:N19) -> 100 | P19: =O19/$O$35 -> 0.031240237
A20: 9 - 10 | B20: ='[4]DP8 CAIHUASI S1'!B20+'[4]DP6 CAIHUASI S2'!B20 -> 55 | C20: ='[4]DP8 CAIHUASI S1'!C20+'[4]DP6 CAIHUASI S2'!C20 -> 12 | D20: ='[4]DP8 CAIHUASI S1'!D20+'[4]DP6 CAIHUASI S2'!D20 -> 38 | E20: ='[4]DP8 CAIHUASI S1'!E20+'[4]DP6 CAIHUASI S2'!E20 -> 0 | F20: ='[4]DP8 CAIHUASI S1'!F20+'[4]DP6 CAIHUASI S2'!F20 -> 2 | G20: ='[4]DP8 CAIHUASI S1'!G20+'[4]DP6 CAIHUASI S2'!G20 -> 17 | H20: ='[4]DP8 CAIHUASI S1'!H20+'[4]DP6 CAIHUASI S2'!H20 -> 2 | I20: ='[4]DP8 CAIHUASI S1'!I20+'[4]DP6 CAIHUASI S2'!I20 -> 4 | ... N20: ='[4]DP8 CAIHUASI S1'!N20+'[4]DP6 CAIHUASI S2'!N20 -> 0 | O20: =SUM(B20:N20) -> 159 | P20: =O20/$O$35 -> 0.049671978
A21: 10 - 11 | B21: ='[4]DP8 CAIHUASI S1'!B21+'[4]DP6 CAIHUASI S2'!B21 -> 32 | C21: ='[4]DP8 CAIHUASI S1'!C21+'[4]DP6 CAIHUASI S2'!C21 -> 10 | D21: ='[4]DP8 CAIHUASI S1'!D21+'[4]DP6 CAIHUASI S2'!D21 -> 34 | E21: ='[4]DP8 CAIHUASI S1'!E21+'[4]DP6 CAIHUASI S2'!E21 -> 0 | F21: ='[4]DP8 CAIHUASI S1'!F21+'[4]DP6 CAIHUASI S2'!F21 -> 1 | G21: ='[4]DP8 CAIHUASI S1'!G21+'[4]DP6 CAIHUASI S2'!G21 -> 13 | H21: ='[4]DP8 CAIHUASI S1'!H21+'[4]DP6 CAIHUASI S2'!H21 -> 2 | I21: ='[4]DP8 CAIHUASI S1'!I21+'[4]DP6 CAIHUASI S2'!I21 -> 8 | ... N21: ='[4]DP8 CAIHUASI S1'!N21+'[4]DP6 CAIHUASI S2'!N21 -> 0 | O21: =SUM(B21:N21) -> 120 | P21: =O21/$O$35 -> 0.037488285
A22: 11 - 12 | B22: ='[4]DP8 CAIHUASI S1'!B22+'[4]DP6 CAIHUASI S2'!B22 -> 36 | C22: ='[4]DP8 CAIHUASI S1'!C22+'[4]DP6 CAIHUASI S2'!C22 -> 10 | D22: ='[4]DP8 CAIHUASI S1'!D22+'[4]DP6 CAIHUASI S2'!D22 -> 30 | E22: ='[4]DP8 CAIHUASI S1'!E22+'[4]DP6 CAIHUASI S2'!E22 -> 0 | F22: ='[4]DP8 CAIHUASI S1'!F22+'[4]DP6 CAIHUASI S2'!F22 -> 5 | G22: ='[4]DP8 CAIHUASI S1'!G22+'[4]DP6 CAIHUASI S2'!G22 -> 17 | H22: ='[4]DP8 CAIHUASI S1'!H22+'[4]DP6 CAIHUASI S2'!H22 -> 2 | I22: ='[4]DP8 CAIHUASI S1'!I22+'[4]DP6 CAIHUASI S2'!I22 -> 3 | ... N22: ='[4]DP8 CAIHUASI S1'!N22+'[4]DP6 CAIHUASI S2'!N22 -> 0 | O22: =SUM(B22:N22) -> 123 | P22: =O22/$O$35 -> 0.038425492
... A34: 23 - 24 | B34: ='[4]DP8 CAIHUASI S1'!B34+'[4]DP6 CAIHUASI S2'!B34 -> 31 | C34: ='[4]DP8 CAIHUASI S1'!C34+'[4]DP6 CAIHUASI S2'!C34 -> 4 | D34: ='[4]DP8 CAIHUASI S1'!D34+'[4]DP6 CAIHUASI S2'!D34 -> 11 | E34: ='[4]DP8 CAIHUASI S1'!E34+'[4]DP6 CAIHUASI S2'!E34 -> 1 | F34: ='[4]DP8 CAIHUASI S1'!F34+'[4]DP6 CAIHUASI S2'!F34 -> 11 | G34: ='[4]DP8 CAIHUASI S1'!G34+'[4]DP6 CAIHUASI S2'!G34 -> 35 | H34: ='[4]DP8 CAIHUASI S1'!H34+'[4]DP6 CAIHUASI S2'!H34 -> 1 | I34: ='[4]DP8 CAIHUASI S1'!I34+'[4]DP6 CAIHUASI S2'!I34 -> 15 | ... N34: ='[4]DP8 CAIHUASI S1'!N34+'[4]DP6 CAIHUASI S2'!N34 -> 0 | O34: =SUM(B34:N34) -> 176 | P34: =O34/$O$35 -> 0.054982818
A35: TOTAL | B35: =SUM(B11:B34) -> 779 | C35: =SUM(C11:C34) -> 140 | D35: =SUM(D11:D34) -> 499 | E35: =SUM(E11:E34) -> 2 | F35: =SUM(F11:F34) -> 67 | G35: =SUM(G11:G34) -> 527 | H35: =SUM(H11:H34) -> 37 | I35: =SUM(I11:I34) -> 241 | ... P35: =SUM(P11:P34) -> 1
A36: (%) | B36: =B35/$O$35 -> 0.24336145 | C36: =C35/$O$35 -> 0.043736332 | D36: =D35/$O$35 -> 0.15588878 | E36: =E35/$O$35 -> 0.00062480475 | F36: =F35/$O$35 -> 0.020930959 | G36: =G35/$O$35 -> 0.16463605 | H36: =H35/$O$35 -> 0.011558888 | I36: =I35/$O$35 -> 0.075288972 | ... N36: =N35/$O$35 -> 0 | O36: =SUM(B36:N36) -> 1

Sheet dia 5
A3: RESUMEN DE CONTEO | S3: Tramo Okinawa - Los Troncos
A4: CLASIFICACIÓN DE VEHÍCULOS
A6: CAMINO:DOBLE VIA ORURO - COCHABAMBA | J6: DEPARTAMENTO:
A7: ESTACIÓN: Villapata | F7: Nº. | G7: S/N
A8: TRAMO: 1 | J8: FECHA:
A10: HORA DE - A | B10: AUTOMÓVILES VAGONETAS Y JEEP | C10: CAMIONETAS | D10: MINIBUSES | E10: MICROBUSES (DOS EJES) | F10: BÚS MEDIANO (DOS EJES) | G10: BÚS GRANDE (DOS O MAS EJES) | H10: CAMIÓN MEDIANO (DOS EJES) | I10: CAMIÓN GRANDE ( DOS EJES) | J10: CAMION GRANDE (TRES EJES) | K10: CAMIÓN CON SEMIRREMOLQUE | L10: CAMION CON REMOLQUE | M10: MOTOCICLETAS | N10: OTROS VEHICULOS | O10: TOTAL | P10: PORCENTAJE
A11: 0 - 1 | B11: ='[5]DP8 CAIHUASI S1'!B11+'[5]DP6 CAIHUASI S2'!B11 -> 13 | C11: ='[5]DP8 CAIHUASI S1'!C11+'[5]DP6 CAIHUASI S2'!C11 -> 4 | D11: ='[5]DP8 CAIHUASI S1'!D11+'[5]DP6 CAIHUASI S2'!D11 -> 2 | E11: ='[5]DP8 CAIHUASI S1'!E11+'[5]DP6 CAIHUASI S2'!E11 -> 0 | F11: ='[5]DP8 CAIHUASI S1'!F11+'[5]DP6 CAIHUASI S2'!F11 -> 4 | G11: ='[5]DP8 CAIHUASI S1'!G11+'[5]DP6 CAIHUASI S2'!G11 -> 62 | H11: ='[5]DP8 CAIHUASI S1'!H11+'[5]DP6 CAIHUASI S2'!H11 -> 3 | I11: ='[5]DP8 CAIHUASI S1'!I11+'[5]DP6 CAIHUASI S2'!I11 -> 15 | ... N11: ='[5]DP8 CAIHUASI S1'!N11+'[5]DP6 CAIHUASI S2'!N11 -> 0 | O11: =SUM(B11:N11) -> 141 | P11: =O11/$O$35 -> 0.037630104
A12: 1 - 2 | B12: ='[5]DP8 CAIHUASI S1'!B12+'[5]DP6 CAIHUASI S2'!B12 -> 11 | C12: ='[5]DP8 CAIHUASI S1'!C12+'[5]DP6 CAIHUASI S2'!C12 -> 3 | D12: ='[5]DP8 CAIHUASI S1'!D12+'[5]DP6 CAIHUASI S2'!D12 -> 12 | E12: ='[5]DP8 CAIHUASI S1'!E12+'[5]DP6 CAIHUASI S2'!E12 -> 0 | F12: ='[5]DP8 CAIHUASI S1'!F12+'[5]DP6 CAIHUASI S2'!F12 -> 4 | G12: ='[5]DP8 CAIHUASI S1'!G12+'[5]DP6 CAIHUASI S2'!G12 -> 48 | H12: ='[5]DP8 CAIHUASI S1'!H12+'[5]DP6 CAIHUASI S2'!H12 -> 6 | I12: ='[5]DP8 CAIHUASI S1'!I12+'[5]DP6 CAIHUASI S2'!I12 -> 14 | ... N12: ='[5]DP8 CAIHUASI S1'!N12+'[5]DP6 CAIHUASI S2'!N12 -> 0 | O12: =SUM(B12:N12) -> 163 | P12: =O12/$O$35 -> 0.043501468
A13: 2 - 3 | B13: ='[5]DP8 CAIHUASI S1'!B13+'[5]DP6 CAIHUASI S2'!B13 -> 14 | C13: ='[5]DP8 CAIHUASI S1'!C13+'[5]DP6 CAIHUASI S2'!C13 -> 2 | D13: ='[5]DP8 CAIHUASI S1'!D13+'[5]DP6 CAIHUASI S2'!D13 -> 5 | E13: ='[5]DP8 CAIHUASI S1'!E13+'[5]DP6 CAIHUASI S2'!E13 -> 0 | F13: ='[5]DP8 CAIHUASI S1'!F13+'[5]DP6 CAIHUASI S2'!F13 -> 3 | G13: ='[5]DP8 CAIHUASI S1'!G13+'[5]DP6 CAIHUASI S2'!G13 -> 40 | H13: ='[5]DP8 CAIHUASI S1'!H13+'[5]DP6 CAIHUASI S2'!H13 -> 3 | I13: ='[5]DP8 CAIHUASI S1'!I13+'[5]DP6 CAIHUASI S2'!I13 -> 7 | ... N13: ='[5]DP8 CAIHUASI S1'!N13+'[5]DP6 CAIHUASI S2'!N13 -> 0 | O13: =SUM(B13:N13) -> 96 | P13: =O13/$O$35 -> 0.025620496
A14: 3 - 4 | B14: ='[5]DP8 CAIHUASI S1'!B14+'[5]DP6 CAIHUASI S2'!B14 -> 25 | C14: ='[5]DP8 CAIHUASI S1'!C14+'[5]DP6 CAIHUASI S2'!C14 -> 5 | D14: ='[5]DP8 CAIHUASI S1'!D14+'[5]DP6 CAIHUASI S2'!D14 -> 8 | E14: ='[5]DP8 CAIHUASI S1'!E14+'[5]DP6 CAIHUASI S2'!E14 -> 0 | F14: ='[5]DP8 CAIHUASI S1'!F14+'[5]DP6 CAIHUASI S2'!F14 -> 1 | G14: ='[5]DP8 CAIHUASI S1'!G14+'[5]DP6 CAIHUASI S2'!G14 -> 50 | H14: ='[5]DP8 CAIHUASI S1'!H14+'[5]DP6 CAIHUASI S2'!H14 -> 0 | I14: ='[5]DP8 CAIHUASI S1'!I14+'[5]DP6 CAIHUASI S2'!I14 -> 11 | ... N14: ='[5]DP8 CAIHUASI S1'!N14+'[5]DP6 CAIHUASI S2'!N14 -> 0 | O14: =SUM(B14:N14) -> 133 | P14: =O14/$O$35 -> 0.035495063
A15: 4 - 5 | B15: ='[5]DP8 CAIHUASI S1'!B15+'[5]DP6 CAIHUASI S2'!B15 -> 7 | C15: ='[5]DP8 CAIHUASI S1'!C15+'[5]DP6 CAIHUASI S2'!C15 -> 2 | D15: ='[5]DP8 CAIHUASI S1'!D15+'[5]DP6 CAIHUASI S2'!D15 -> 2 | E15: ='[5]DP8 CAIHUASI S1'!E15+'[5]DP6 CAIHUASI S2'!E15 -> 0 | F15: ='[5]DP8 CAIHUASI S1'!F15+'[5]DP6 CAIHUASI S2'!F15 -> 0 | G15: ='[5]DP8 CAIHUASI S1'!G15+'[5]DP6 CAIHUASI S2'!G15 -> 15 | H15: ='[5]DP8 CAIHUASI S1'!H15+'[5]DP6 CAIHUASI S2'!H15 -> 2 | I15: ='[5]DP8 CAIHUASI S1'!I15+'[5]DP6 CAIHUASI S2'!I15 -> 8 | ... N15: ='[5]DP8 CAIHUASI S1'!N15+'[5]DP6 CAIHUASI S2'!N15 -> 0 | O15: =SUM(B15:N15) -> 66 | P15: =O15/$O$35 -> 0.017614091
A16: 5 - 6 | B16: ='[5]DP8 CAIHUASI S1'!B16+'[5]DP6 CAIHUASI S2'!B16 -> 19 | C16: ='[5]DP8 CAIHUASI S1'!C16+'[5]DP6 CAIHUASI S2'!C16 -> 3 | D16: ='[5]DP8 CAIHUASI S1'!D16+'[5]DP6 CAIHUASI S2'!D16 -> 11 | E16: ='[5]DP8 CAIHUASI S1'!E16+'[5]DP6 CAIHUASI S2'!E16 -> 0 | F16: ='[5]DP8 CAIHUASI S1'!F16+'[5]DP6 CAIHUASI S2'!F16 -> 3 | G16: ='[5]DP8 CAIHUASI S1'!G16+'[5]DP6 CAIHUASI S2'!G16 -> 23 | H16: ='[5]DP8 CAIHUASI S1'!H16+'[5]DP6 CAIHUASI S2'!H16 -> 2 | I16: ='[5]DP8 CAIHUASI S1'!I16+'[5]DP6 CAIHUASI S2'!I16 -> 6 | ... N16: ='[5]DP8 CAIHUASI S1'!N16+'[5]DP6 CAIHUASI S2'!N16 -> 0 | O16: =SUM(B16:N16) -> 92 | P16: =O16/$O$35 -> 0.024552976
A17: 6 - 7 | B17: ='[5]DP8 CAIHUASI S1'!B17+'[5]DP6 CAIHUASI S2'!B17 -> 27 | C17: ='[5]DP8 CAIHUASI S1'!C17+'[5]DP6 CAIHUASI S2'!C17 -> 5 | D17: ='[5]DP8 CAIHUASI S1'!D17+'[5]DP6 CAIHUASI S2'!D17 -> 22 | E17: ='[5]DP8 CAIHUASI S1'!E17+'[5]DP6 CAIHUASI S2'!E17 -> 0 | F17: ='[5]DP8 CAIHUASI S1'!F17+'[5]DP6 CAIHUASI S2'!F17 -> 1 | G17: ='[5]DP8 CAIHUASI S1'!G17+'[5]DP6 CAIHUASI S2'!G17 -> 15 | H17: ='[5]DP8 CAIHUASI S1'!H17+'[5]DP6 CAIHUASI S2'!H17 -> 2 | I17: ='[5]DP8 CAIHUASI S1'!I17+'[5]DP6 CAIHUASI S2'!I17 -> 7 | ... N17: ='[5]DP8 CAIHUASI S1'!N17+'[5]DP6 CAIHUASI S2'!N17 -> 0 | O17: =SUM(B17:N17) -> 130 | P17: =O17/$O$35 -> 0.034694422
A18: 7 - 8 | B18: ='[5]DP8 CAIHUASI S1'!B18+'[5]DP6 CAIHUASI S2'!B18 -> 51 | C18: ='[5]DP8 CAIHUASI S1'!C18+'[5]DP6 CAIHUASI S2'!C18 -> 7 | D18: ='[5]DP8 CAIHUASI S1'!D18+'[5]DP6 CAIHUASI S2'!D18 -> 21 | E18: ='[5]DP8 CAIHUASI S1'!E18+'[5]DP6 CAIHUASI S2'!E18 -> 0 | F18: ='[5]DP8 CAIHUASI S1'!F18+'[5]DP6 CAIHUASI S2'!F18 -> 3 | G18: ='[5]DP8 CAIHUASI S1'!G18+'[5]DP6 CAIHUASI S2'!G18 -> 6 | H18: ='[5]DP8 CAIHUASI S1'!H18+'[5]DP6 CAIHUASI S2'!H18 -> 5 | I18: ='[5]DP8 CAIHUASI S1'!I18+'[5]DP6 CAIHUASI S2'!I18 -> 9 | ... N18: ='[5]DP8 CAIHUASI S1'!N18+'[5]DP6 CAIHUASI S2'!N18 -> 0 | O18: =SUM(B18:N18) -> 145 | P18: =O18/$O$35 -> 0.038697625
A19: 8 - 9 | B19: ='[5]DP8 CAIHUASI S1'!B19+'[5]DP6 CAIHUASI S2'!B19 -> 55 | C19: ='[5]DP8 CAIHUASI S1'!C19+'[5]DP6 CAIHUASI S2'!C19 -> 11 | D19: ='[5]DP8 CAIHUASI S1'!D19+'[5]DP6 CAIHUASI S2'!D19 -> 24 | E19: ='[5]DP8 CAIHUASI S1'!E19+'[5]DP6 CAIHUASI S2'!E19 -> 0 | F19: ='[5]DP8 CAIHUASI S1'!F19+'[5]DP6 CAIHUASI S2'!F19 -> 2 | G19: ='[5]DP8 CAIHUASI S1'!G19+'[5]DP6 CAIHUASI S2'!G19 -> 9 | H19: ='[5]DP8 CAIHUASI S1'!H19+'[5]DP6 CAIHUASI S2'!H19 -> 0 | I19: ='[5]DP8 CAIHUASI S1'!I19+'[5]DP6 CAIHUASI S2'!I19 -> 9 | ... N19: ='[5]DP8 CAIHUASI S1'!N19+'[5]DP6 CAIHUASI S2'!N19 -> 0 | O19: =SUM(B19:N19) -> 156 | P19: =O19/$O$35 -> 0.041633307
A20: 9 - 10 | B20: ='[5]DP8 CAIHUASI S1'!B20+'[5]DP6 CAIHUASI S2'!B20 -> 24 | C20: ='[5]DP8 CAIHUASI S1'!C20+'[5]DP6 CAIHUASI S2'!C20 -> 7 | D20: ='[5]DP8 CAIHUASI S1'!D20+'[5]DP6 CAIHUASI S2'!D20 -> 14 | E20: ='[5]DP8 CAIHUASI S1'!E20+'[5]DP6 CAIHUASI S2'!E20 -> 0 | F20: ='[5]DP8 CAIHUASI S1'!F20+'[5]DP6 CAIHUASI S2'!F20 -> 5 | G20: ='[5]DP8 CAIHUASI S1'!G20+'[5]DP6 CAIHUASI S2'!G20 -> 24 | H20: ='[5]DP8 CAIHUASI S1'!H20+'[5]DP6 CAIHUASI S2'!H20 -> 6 | I20: ='[5]DP8 CAIHUASI S1'!I20+'[5]DP6 CAIHUASI S2'!I20 -> 7 | ... N20: ='[5]DP8 CAIHUASI S1'!N20+'[5]DP6 CAIHUASI S2'!N20 -> 0 | O20: =SUM(B20:N20) -> 130 | P20: =O20/$O$35 -> 0.034694422
A21: 10 - 11 | B21: ='[5]DP8 CAIHUASI S1'!B21+'[5]DP6 CAIHUASI S2'!B21 -> 51 | C21: ='[5]DP8 CAIHUASI S1'!C21+'[5]DP6 CAIHUASI S2'!C21 -> 25 | D21: ='[5]DP8 CAIHUASI S1'!D21+'[5]DP6 CAIHUASI S2'!D21 -> 32 | E21: ='[5]DP8 CAIHUASI S1'!E21+'[5]DP6 CAIHUASI S2'!E21 -> 0 | F21: ='[5]DP8 CAIHUASI S1'!F21+'[5]DP6 CAIHUASI S2'!F21 -> 10 | G21: ='[5]DP8 CAIHUASI S1'!G21+'[5]DP6 CAIHUASI S2'!G21 -> 34 | H21: ='[5]DP8 CAIHUASI S1'!H21+'[5]DP6 CAIHUASI S2'!H21 -> 0 | I21: ='[5]DP8 CAIHUASI S1'!I21+'[5]DP6 CAIHUASI S2'!I21 -> 20 | ... N21: ='[5]DP8 CAIHUASI S1'!N21+'[5]DP6 CAIHUASI S2'!N21 -> 0 | O21: =SUM(B21:N21) -> 247 | P21: =O21/$O$35 -> 0.065919402
A22: 11 - 12 | B22: ='[5]DP8 CAIHUASI S1'!B22+'[5]DP6 CAIHUASI S2'!B22 -> 42 | C22: ='[5]DP8 CAIHUASI S1'!C22+'[5]DP6 CAIHUASI S2'!C22 -> 13 | D22: ='[5]DP8 CAIHUASI S1'!D22+'[5]DP6 CAIHUASI S2'!D22 -> 28 | E22: ='[5]DP8 CAIHUASI S1'!E22+'[5]DP6 CAIHUASI S2'!E22 -> 0 | F22: ='[5]DP8 CAIHUASI S1'!F22+'[5]DP6 CAIHUASI S2'!F22 -> 0 | G22: ='[5]DP8 CAIHUASI S1'!G22+'[5]DP6 CAIHUASI S2'!G22 -> 22 | H22: ='[5]DP8 CAIHUASI S1'!H22+'[5]DP6 CAIHUASI S2'!H22 -> 1 | I22: ='[5]DP8 CAIHUASI S1'!I22+'[5]DP6 CAIHUASI S2'!I22 -> 8 | ... N22: ='[5]DP8 CAIHUASI S1'!N22+'[5]DP6 CAIHUASI S2'!N22 -> 0 | O22: =SUM(B22:N22) -> 143 | P22: =O22/$O$35 -> 0.038163864
... A34: 23 - 24 | B34: ='[5]DP8 CAIHUASI S1'!B34+'[5]DP6 CAIHUASI S2'!B34 -> 16 | C34: ='[5]DP8 CAIHUASI S1'!C34+'[5]DP6 CAIHUASI S2'!C34 -> 7 | D34: ='[5]DP8 CAIHUASI S1'!D34+'[5]DP6 CAIHUASI S2'!D34 -> 16 | E34: ='[5]DP8 CAIHUASI S1'!E34+'[5]DP6 CAIHUASI S2'!E34 -> 0 | F34: ='[5]DP8 CAIHUASI S1'!F34+'[5]DP6 CAIHUASI S2'!F34 -> 1 | G34: ='[5]DP8 CAIHUASI S1'!G34+'[5]DP6 CAIHUASI S2'!G34 -> 17 | H34: ='[5]DP8 CAIHUASI S1'!H34+'[5]DP6 CAIHUASI S2'!H34 -> 0 | I34: ='[5]DP8 CAIHUASI S1'!I34+'[5]DP6 CAIHUASI S2'!I34 -> 7 | ... N34: ='[5]DP8 CAIHUASI S1'!N34+'[5]DP6 CAIHUASI S2'!N34 -> 0 | O34: =SUM(B34:N34) -> 121 | P34: =O34/$O$35 -> 0.032292501
A35: TOTAL | B35: =SUM(B11:B34) -> 787 | C35: =SUM(C11:C34) -> 176 | D35: =SUM(D11:D34) -> 509 | E35: =SUM(E11:E34) -> 3 | F35: =SUM(F11:F34) -> 81 | G35: =SUM(G11:G34) -> 621 | H35: =SUM(H11:H34) -> 62 | I35: =SUM(I11:I34) -> 287 | ... P35: =SUM(P11:P34) -> 1
A36: (%) | B36: =B35/$O$35 -> 0.21003469 | C36: =C35/$O$35 -> 0.04697091 | D36: =D35/$O$35 -> 0.13584201 | E36: =E35/$O$35 -> 0.00080064051 | F36: =F35/$O$35 -> 0.021617294 | G36: =G35/$O$35 -> 0.16573259 | H36: =H35/$O$35 -> 0.016546571 | I36: =I35/$O$35 -> 0.076594609 | ... N36: =N35/$O$35 -> 0 | O36: =SUM(B36:N36) -> 1

Sheet dia 6
A3: RESUMEN DE CONTEO
A4: CLASIFICACIÓN DE VEHÍCULOS
A6: CAMINO:DOBLE VIA ORURO - COCHABAMBA | J6: DEPARTAMENTO:
A7: ESTACIÓN: Villapata | F7: Nº. | G7: S/N
A8: TRAMO: 1 | J8: FECHA:
A10: HORA DE - A | B10: AUTOMÓVILES VAGONETAS Y JEEP | C10: CAMIONETAS | D10: MINIBUSES | E10: MICROBUSES (DOS EJES) | F10: BÚS MEDIANO (DOS EJES) | G10: BÚS GRANDE (DOS O MAS EJES) | H10: CAMIÓN MEDIANO (DOS EJES) | I10: CAMIÓN GRANDE ( DOS EJES) | J10: CAMION GRANDE (TRES EJES) | K10: CAMIÓN CON SEMIRREMOLQUE | L10: CAMION CON REMOLQUE | M10: MOTOCICLETAS | N10: OTROS VEHICULOS | O10: TOTAL | P10: PORCENTAJE
A11: 0 - 1 | B11: ='[6]DP8 CAIHUASI S1'!B11+'[6]DP6 CAIHUASI S2'!B11 -> 24 | C11: ='[6]DP8 CAIHUASI S1'!C11+'[6]DP6 CAIHUASI S2'!C11 -> 9 | D11: ='[6]DP8 CAIHUASI S1'!D11+'[6]DP6 CAIHUASI S2'!D11 -> 6 | E11: ='[6]DP8 CAIHUASI S1'!E11+'[6]DP6 CAIHUASI S2'!E11 -> 0 | F11: ='[6]DP8 CAIHUASI S1'!F11+'[6]DP6 CAIHUASI S2'!F11 -> 7 | G11: ='[6]DP8 CAIHUASI S1'!G11+'[6]DP6 CAIHUASI S2'!G11 -> 32 | H11: ='[6]DP8 CAIHUASI S1'!H11+'[6]DP6 CAIHUASI S2'!H11 -> 8 | I11: ='[6]DP8 CAIHUASI S1'!I11+'[6]DP6 CAIHUASI S2'!I11 -> 12 | ... N11: ='[6]DP8 CAIHUASI S1'!N11+'[6]DP6 CAIHUASI S2'!N11 -> 0 | O11: =SUM(B11:N11) -> 147 | P11: =O11/$O$35 -> 0.039558665
A12: 1 - 2 | B12: ='[6]DP8 CAIHUASI S1'!B12+'[6]DP6 CAIHUASI S2'!B12 -> 10 | C12: ='[6]DP8 CAIHUASI S1'!C12+'[6]DP6 CAIHUASI S2'!C12 -> 1 | D12: ='[6]DP8 CAIHUASI S1'!D12+'[6]DP6 CAIHUASI S2'!D12 -> 7 | E12: ='[6]DP8 CAIHUASI S1'!E12+'[6]DP6 CAIHUASI S2'!E12 -> 0 | F12: ='[6]DP8 CAIHUASI S1'!F12+'[6]DP6 CAIHUASI S2'!F12 -> 5 | G12: ='[6]DP8 CAIHUASI S1'!G12+'[6]DP6 CAIHUASI S2'!G12 -> 70 | H12: ='[6]DP8 CAIHUASI S1'!H12+'[6]DP6 CAIHUASI S2'!H12 -> 1 | I12: ='[6]DP8 CAIHUASI S1'!I12+'[6]DP6 CAIHUASI S2'!I12 -> 12 | ... N12: ='[6]DP8 CAIHUASI S1'!N12+'[6]DP6 CAIHUASI S2'!N12 -> 0 | O12: =SUM(B12:N12) -> 150 | P12: =O12/$O$35 -> 0.040365985
A13: 2 - 3 | B13: ='[6]DP8 CAIHUASI S1'!B13+'[6]DP6 CAIHUASI S2'!B13 -> 10 | C13: ='[6]DP8 CAIHUASI S1'!C13+'[6]DP6 CAIHUASI S2'!C13 -> 1 | D13: ='[6]DP8 CAIHUASI S1'!D13+'[6]DP6 CAIHUASI S2'!D13 -> 4 | E13: ='[6]DP8 CAIHUASI S1'!E13+'[6]DP6 CAIHUASI S2'!E13 -> 1 | F13: ='[6]DP8 CAIHUASI S1'!F13+'[6]DP6 CAIHUASI S2'!F13 -> 4 | G13: ='[6]DP8 CAIHUASI S1'!G13+'[6]DP6 CAIHUASI S2'!G13 -> 53 | H13: ='[6]DP8 CAIHUASI S1'!H13+'[6]DP6 CAIHUASI S2'!H13 -> 2 | I13: ='[6]DP8 CAIHUASI S1'!I13+'[6]DP6 CAIHUASI S2'!I13 -> 10 | ... N13: ='[6]DP8 CAIHUASI S1'!N13+'[6]DP6 CAIHUASI S2'!N13 -> 0 | O13: =SUM(B13:N13) -> 111 | P13: =O13/$O$35 -> 0.029870829
A14: 3 - 4 | B14: ='[6]DP8 CAIHUASI S1'!B14+'[6]DP6 CAIHUASI S2'!B14 -> 7 | C14: ='[6]DP8 CAIHUASI S1'!C14+'[6]DP6 CAIHUASI S2'!C14 -> 0 | D14: ='[6]DP8 CAIHUASI S1'!D14+'[6]DP6 CAIHUASI S2'!D14 -> 1 | E14: ='[6]DP8 CAIHUASI S1'!E14+'[6]DP6 CAIHUASI S2'!E14 -> 0 | F14: ='[6]DP8 CAIHUASI S1'!F14+'[6]DP6 CAIHUASI S2'!F14 -> 1 | G14: ='[6]DP8 CAIHUASI S1'!G14+'[6]DP6 CAIHUASI S2'!G14 -> 7 | H14: ='[6]DP8 CAIHUASI S1'!H14+'[6]DP6 CAIHUASI S2'!H14 -> 0 | I14: ='[6]DP8 CAIHUASI S1'!I14+'[6]DP6 CAIHUASI S2'!I14 -> 6 | ... N14: ='[6]DP8 CAIHUASI S1'!N14+'[6]DP6 CAIHUASI S2'!N14 -> 0 | O14: =SUM(B14:N14) -> 52 | P14: =O14/$O$35 -> 0.013993541
A15: 4 - 5 | B15: ='[6]DP8 CAIHUASI S1'!B15+'[6]DP6 CAIHUASI S2'!B15 -> 4 | C15: ='[6]DP8 CAIHUASI S1'!C15+'[6]DP6 CAIHUASI S2'!C15 -> 2 | D15: ='[6]DP8 CAIHUASI S1'!D15+'[6]DP6 CAIHUASI S2'!D15 -> 3 | E15: ='[6]DP8 CAIHUASI S1'!E15+'[6]DP6 CAIHUASI S2'!E15 -> 0 | F15: ='[6]DP8 CAIHUASI S1'!F15+'[6]DP6 CAIHUASI S2'!F15 -> 1 | G15: ='[6]DP8 CAIHUASI S1'!G15+'[6]DP6 CAIHUASI S2'!G15 -> 6 | H15: ='[6]DP8 CAIHUASI S1'!H15+'[6]DP6 CAIHUASI S2'!H15 -> 1 | I15: ='[6]DP8 CAIHUASI S1'!I15+'[6]DP6 CAIHUASI S2'!I15 -> 4 | ... N15: ='[6]DP8 CAIHUASI S1'!N15+'[6]DP6 CAIHUASI S2'!N15 -> 0 | O15: =SUM(B15:N15) -> 39 | P15: =O15/$O$35 -> 0.010495156
A16: 5 - 6 | B16: ='[6]DP8 CAIHUASI S1'!B16+'[6]DP6 CAIHUASI S2'!B16 -> 12 | C16: ='[6]DP8 CAIHUASI S1'!C16+'[6]DP6 CAIHUASI S2'!C16 -> 4 | D16: ='[6]DP8 CAIHUASI S1'!D16+'[6]DP6 CAIHUASI S2'!D16 -> 12 | E16: ='[6]DP8 CAIHUASI S1'!E16+'[6]DP6 CAIHUASI S2'!E16 -> 0 | F16: ='[6]DP8 CAIHUASI S1'!F16+'[6]DP6 CAIHUASI S2'!F16 -> 0 | G16: ='[6]DP8 CAIHUASI S1'!G16+'[6]DP6 CAIHUASI S2'!G16 -> 9 | H16: ='[6]DP8 CAIHUASI S1'!H16+'[6]DP6 CAIHUASI S2'!H16 -> 0 | I16: ='[6]DP8 CAIHUASI S1'!I16+'[6]DP6 CAIHUASI S2'!I16 -> 5 | ... N16: ='[6]DP8 CAIHUASI S1'!N16+'[6]DP6 CAIHUASI S2'!N16 -> 0 | O16: =SUM(B16:N16) -> 83 | P16: =O16/$O$35 -> 0.022335845
A17: 6 - 7 | B17: ='[6]DP8 CAIHUASI S1'!B17+'[6]DP6 CAIHUASI S2'!B17 -> 16 | C17: ='[6]DP8 CAIHUASI S1'!C17+'[6]DP6 CAIHUASI S2'!C17 -> 6 | D17: ='[6]DP8 CAIHUASI S1'!D17+'[6]DP6 CAIHUASI S2'!D17 -> 18 | E17: ='[6]DP8 CAIHUASI S1'!E17+'[6]DP6 CAIHUASI S2'!E17 -> 0 | F17: ='[6]DP8 CAIHUASI S1'!F17+'[6]DP6 CAIHUASI S2'!F17 -> 2 | G17: ='[6]DP8 CAIHUASI S1'!G17+'[6]DP6 CAIHUASI S2'!G17 -> 10 | H17: ='[6]DP8 CAIHUASI S1'!H17+'[6]DP6 CAIHUASI S2'!H17 -> 1 | I17: ='[6]DP8 CAIHUASI S1'!I17+'[6]DP6 CAIHUASI S2'!I17 -> 6 | ... N17: ='[6]DP8 CAIHUASI S1'!N17+'[6]DP6 CAIHUASI S2'!N17 -> 0 | O17: =SUM(B17:N17) -> 109 | P17: =O17/$O$35 -> 0.029332616
A18: 7 - 8 | B18: ='[6]DP8 CAIHUASI S1'!B18+'[6]DP6 CAIHUASI S2'!B18 -> 39 | C18: ='[6]DP8 CAIHUASI S1'!C18+'[6]DP6 CAIHUASI S2'!C18 -> 9 | D18: ='[6]DP8 CAIHUASI S1'!D18+'[6]DP6 CAIHUASI S2'!D18 -> 17 | E18: ='[6]DP8 CAIHUASI S1'!E18+'[6]DP6 CAIHUASI S2'!E18 -> 0 | F18: ='[6]DP8 CAIHUASI S1'!F18+'[6]DP6 CAIHUASI S2'!F18 -> 1 | G18: ='[6]DP8 CAIHUASI S1'!G18+'[6]DP6 CAIHUASI S2'!G18 -> 6 | H18: ='[6]DP8 CAIHUASI S1'!H18+'[6]DP6 CAIHUASI S2'!H18 -> 1 | I18: ='[6]DP8 CAIHUASI S1'!I18+'[6]DP6 CAIHUASI S2'!I18 -> 10 | ... N18: ='[6]DP8 CAIHUASI S1'!N18+'[6]DP6 CAIHUASI S2'!N18 -> 0 | O18: =SUM(B18:N18) -> 134 | P18: =O18/$O$35 -> 0.03606028
A19: 8 - 9 | B19: ='[6]DP8 CAIHUASI S1'!B19+'[6]DP6 CAIHUASI S2'!B19 -> 56 | C19: ='[6]DP8 CAIHUASI S1'!C19+'[6]DP6 CAIHUASI S2'!C19 -> 17 | D19: ='[6]DP8 CAIHUASI S1'!D19+'[6]DP6 CAIHUASI S2'!D19 -> 25 | E19: ='[6]DP8 CAIHUASI S1'!E19+'[6]DP6 CAIHUASI S2'!E19 -> 2 | F19: ='[6]DP8 CAIHUASI S1'!F19+'[6]DP6 CAIHUASI S2'!F19 -> 2 | G19: ='[6]DP8 CAIHUASI S1'!G19+'[6]DP6 CAIHUASI S2'!G19 -> 14 | H19: ='[6]DP8 CAIHUASI S1'!H19+'[6]DP6 CAIHUASI S2'!H19 -> 4 | I19: ='[6]DP8 CAIHUASI S1'!I19+'[6]DP6 CAIHUASI S2'!I19 -> 4 | ... N19: ='[6]DP8 CAIHUASI S1'!N19+'[6]DP6 CAIHUASI S2'!N19 -> 0 | O19: =SUM(B19:N19) -> 173 | P19: =O19/$O$35 -> 0.046555436
A20: 9 - 10 | B20: ='[6]DP8 CAIHUASI S1'!B20+'[6]DP6 CAIHUASI S2'!B20 -> 38 | C20: ='[6]DP8 CAIHUASI S1'!C20+'[6]DP6 CAIHUASI S2'!C20 -> 7 | D20: ='[6]DP8 CAIHUASI S1'!D20+'[6]DP6 CAIHUASI S2'!D20 -> 11 | E20: ='[6]DP8 CAIHUASI S1'!E20+'[6]DP6 CAIHUASI S2'!E20 -> 1 | F20: ='[6]DP8 CAIHUASI S1'!F20+'[6]DP6 CAIHUASI S2'!F20 -> 1 | G20: ='[6]DP8 CAIHUASI S1'!G20+'[6]DP6 CAIHUASI S2'!G20 -> 13 | H20: ='[6]DP8 CAIHUASI S1'!H20+'[6]DP6 CAIHUASI S2'!H20 -> 1 | I20: ='[6]DP8 CAIHUASI S1'!I20+'[6]DP6 CAIHUASI S2'!I20 -> 10 | ... N20: ='[6]DP8 CAIHUASI S1'!N20+'[6]DP6 CAIHUASI S2'!N20 -> 0 | O20: =SUM(B20:N20) -> 124 | P20: =O20/$O$35 -> 0.033369214
A21: 10 - 11 | B21: ='[6]DP8 CAIHUASI S1'!B21+'[6]DP6 CAIHUASI S2'!B21 -> 36 | C21: ='[6]DP8 CAIHUASI S1'!C21+'[6]DP6 CAIHUASI S2'!C21 -> 7 | D21: ='[6]DP8 CAIHUASI S1'!D21+'[6]DP6 CAIHUASI S2'!D21 -> 14 | E21: ='[6]DP8 CAIHUASI S1'!E21+'[6]DP6 CAIHUASI S2'!E21 -> 0 | F21: ='[6]DP8 CAIHUASI S1'!F21+'[6]DP6 CAIHUASI S2'!F21 -> 2 | G21: ='[6]DP8 CAIHUASI S1'!G21+'[6]DP6 CAIHUASI S2'!G21 -> 18 | H21: ='[6]DP8 CAIHUASI S1'!H21+'[6]DP6 CAIHUASI S2'!H21 -> 3 | I21: ='[6]DP8 CAIHUASI S1'!I21+'[6]DP6 CAIHUASI S2'!I21 -> 6 | ... N21: ='[6]DP8 CAIHUASI S1'!N21+'[6]DP6 CAIHUASI S2'!N21 -> 0 | O21: =SUM(B21:N21) -> 114 | P21: =O21/$O$35 -> 0.030678149
A22: 11 - 12 | B22: ='[6]DP8 CAIHUASI S1'!B22+'[6]DP6 CAIHUASI S2'!B22 -> 39 | C22: ='[6]DP8 CAIHUASI S1'!C22+'[6]DP6 CAIHUASI S2'!C22 -> 4 | D22: ='[6]DP8 CAIHUASI S1'!D22+'[6]DP6 CAIHUASI S2'!D22 -> 9 | E22: ='[6]DP8 CAIHUASI S1'!E22+'[6]DP6 CAIHUASI S2'!E22 -> 2 | F22: ='[6]DP8 CAIHUASI S1'!F22+'[6]DP6 CAIHUASI S2'!F22 -> 4 | G22: ='[6]DP8 CAIHUASI S1'!G22+'[6]DP6 CAIHUASI S2'!G22 -> 22 | H22: ='[6]DP8 CAIHUASI S1'!H22+'[6]DP6 CAIHUASI S2'!H22 -> 2 | I22: ='[6]DP8 CAIHUASI S1'!I22+'[6]DP6 CAIHUASI S2'!I22 -> 7 | ... N22: ='[6]DP8 CAIHUASI S1'!N22+'[6]DP6 CAIHUASI S2'!N22 -> 0 | O22: =SUM(B22:N22) -> 156 | P22: =O22/$O$35 -> 0.041980624
... A34: 23 - 24 | B34: ='[6]DP8 CAIHUASI S1'!B34+'[6]DP6 CAIHUASI S2'!B34 -> 34 | C34: ='[6]DP8 CAIHUASI S1'!C34+'[6]DP6 CAIHUASI S2'!C34 -> 10 | D34: ='[6]DP8 CAIHUASI S1'!D34+'[6]DP6 CAIHUASI S2'!D34 -> 39 | E34: ='[6]DP8 CAIHUASI S1'!E34+'[6]DP6 CAIHUASI S2'!E34 -> 0 | F34: ='[6]DP8 CAIHUASI S1'!F34+'[6]DP6 CAIHUASI S2'!F34 -> 14 | G34: ='[6]DP8 CAIHUASI S1'!G34+'[6]DP6 CAIHUASI S2'!G34 -> 28 | H34: ='[6]DP8 CAIHUASI S1'!H34+'[6]DP6 CAIHUASI S2'!H34 -> 0 | I34: ='[6]DP8 CAIHUASI S1'!I34+'[6]DP6 CAIHUASI S2'!I34 -> 17 | ... N34: ='[6]DP8 CAIHUASI S1'!N34+'[6]DP6 CAIHUASI S2'!N34 -> 0 | O34: =SUM(B34:N34) -> 197 | P34: =O34/$O$35 -> 0.053013994
A35: TOTAL | B35: =SUM(B11:B34) -> 729 | C35: =SUM(C11:C34) -> 168 | D35: =SUM(D11:D34) -> 509 | E35: =SUM(E11:E34) -> 6 | F35: =SUM(F11:F34) -> 92 | G35: =SUM(G11:G34) -> 626 | H35: =SUM(H11:H34) -> 56 | I35: =SUM(I11:I34) -> 253 | ... P35: =SUM(P11:P34) -> 1
A36: (%) | B36: =B35/$O$35 -> 0.19617869 | C36: =C35/$O$35 -> 0.045209903 | D36: =D35/$O$35 -> 0.13697524 | E36: =E35/$O$35 -> 0.0016146394 | F36: =F35/$O$35 -> 0.024757804 | G36: =G35/$O$35 -> 0.16846071 | H36: =H35/$O$35 -> 0.015069968 | I36: =I35/$O$35 -> 0.068083961 | ... N36: =N35/$O$35 -> 0 | O36: =SUM(B36:N36) -> 1

Sheet dia 7
A3: RESUMEN DE CONTEO
A4: CLASIFICACIÓN DE VEHÍCULOS
A6: CAMINO:DOBLE VIA ORURO - COCHABAMBA | J6: DEPARTAMENTO:
A7: ESTACIÓN: Villapata | F7: Nº. | G7: S/N
A8: TRAMO: 1 | J8: FECHA:
A10: HORA DE - A | B10: AUTOMÓVILES VAGONETAS Y JEEP | C10: CAMIONETAS | D10: MINIBUSES | E10: MICROBUSES (DOS EJES) | F10: BÚS MEDIANO (DOS EJES) | G10: BÚS GRANDE (DOS O MAS EJES) | H10: CAMIÓN MEDIANO (DOS EJES) | I10: CAMIÓN GRANDE ( DOS EJES) | J10: CAMION GRANDE (TRES EJES) | K10: CAMIÓN CON SEMIRREMOLQUE | L10: CAMION CON REMOLQUE | M10: MOTOCICLETAS | N10: OTROS VEHICULOS | O10: TOTAL | P10: PORCENTAJE
A11: 0 - 1 | B11: ='[7]DP8 CAIHUASI S1'!B11+'[7]DP6 CAIHUASI S2'!B11 -> 24 | C11: ='[7]DP8 CAIHUASI S1'!C11+'[7]DP6 CAIHUASI S2'!C11 -> 10 | D11: ='[7]DP8 CAIHUASI S1'!D11+'[7]DP6 CAIHUASI S2'!D11 -> 6 | E11: ='[7]DP8 CAIHUASI S1'!E11+'[7]DP6 CAIHUASI S2'!E11 -> 0 | F11: ='[7]DP8 CAIHUASI S1'!F11+'[7]DP6 CAIHUASI S2'!F11 -> 4 | G11: ='[7]DP8 CAIHUASI S1'!G11+'[7]DP6 CAIHUASI S2'!G11 -> 36 | H11: ='[7]DP8 CAIHUASI S1'!H11+'[7]DP6 CAIHUASI S2'!H11 -> 8 | I11: ='[7]DP8 CAIHUASI S1'!I11+'[7]DP6 CAIHUASI S2'!I11 -> 11 | ... N11: ='[7]DP8 CAIHUASI S1'!N11+'[7]DP6 CAIHUASI S2'!N11 -> 0 | O11: =SUM(B11:N11) -> 147 | P11: =O11/$O$35 -> 0.036768384
A12: 1 - 2 | B12: ='[7]DP8 CAIHUASI S1'!B12+'[7]DP6 CAIHUASI S2'!B12 -> 10 | C12: ='[7]DP8 CAIHUASI S1'!C12+'[7]DP6 CAIHUASI S2'!C12 -> 3 | D12: ='[7]DP8 CAIHUASI S1'!D12+'[7]DP6 CAIHUASI S2'!D12 -> 9 | E12: ='[7]DP8 CAIHUASI S1'!E12+'[7]DP6 CAIHUASI S2'!E12 -> 0 | F12: ='[7]DP8 CAIHUASI S1'!F12+'[7]DP6 CAIHUASI S2'!F12 -> 4 | G12: ='[7]DP8 CAIHUASI S1'!G12+'[7]DP6 CAIHUASI S2'!G12 -> 54 | H12: ='[7]DP8 CAIHUASI S1'!H12+'[7]DP6 CAIHUASI S2'!H12 -> 2 | I12: ='[7]DP8 CAIHUASI S1'!I12+'[7]DP6 CAIHUASI S2'!I12 -> 15 | ... N12: ='[7]DP8 CAIHUASI S1'!N12+'[7]DP6 CAIHUASI S2'!N12 -> 0 | O12: =SUM(B12:N12) -> 140 | P12: =O12/$O$35 -> 0.035017509
A13: 2 - 3 | B13: ='[7]DP8 CAIHUASI S1'!B13+'[7]DP6 CAIHUASI S2'!B13 -> 10 | C13: ='[7]DP8 CAIHUASI S1'!C13+'[7]DP6 CAIHUASI S2'!C13 -> 2 | D13: ='[7]DP8 CAIHUASI S1'!D13+'[7]DP6 CAIHUASI S2'!D13 -> 6 | E13: ='[7]DP8 CAIHUASI S1'!E13+'[7]DP6 CAIHUASI S2'!E13 -> 0 | F13: ='[7]DP8 CAIHUASI S1'!F13+'[7]DP6 CAIHUASI S2'!F13 -> 5 | G13: ='[7]DP8 CAIHUASI S1'!G13+'[7]DP6 CAIHUASI S2'!G13 -> 40 | H13: ='[7]DP8 CAIHUASI S1'!H13+'[7]DP6 CAIHUASI S2'!H13 -> 4 | I13: ='[7]DP8 CAIHUASI S1'!I13+'[7]DP6 CAIHUASI S2'!I13 -> 15 | ... N13: ='[7]DP8 CAIHUASI S1'!N13+'[7]DP6 CAIHUASI S2'!N13 -> 0 | O13: =SUM(B13:N13) -> 125 | P13: =O13/$O$35 -> 0.031265633
A14: 3 - 4 | B14: ='[7]DP8 CAIHUASI S1'!B14+'[7]DP6 CAIHUASI S2'!B14 -> 9 | C14: ='[7]DP8 CAIHUASI S1'!C14+'[7]DP6 CAIHUASI S2'!C14 -> 1 | D14: ='[7]DP8 CAIHUASI S1'!D14+'[7]DP6 CAIHUASI S2'!D14 -> 5 | E14: ='[7]DP8 CAIHUASI S1'!E14+'[7]DP6 CAIHUASI S2'!E14 -> 0 | F14: ='[7]DP8 CAIHUASI S1'!F14+'[7]DP6 CAIHUASI S2'!F14 -> 4 | G14: ='[7]DP8 CAIHUASI S1'!G14+'[7]DP6 CAIHUASI S2'!G14 -> 46 | H14: ='[7]DP8 CAIHUASI S1'!H14+'[7]DP6 CAIHUASI S2'!H14 -> 1 | I14: ='[7]DP8 CAIHUASI S1'!I14+'[7]DP6 CAIHUASI S2'!I14 -> 4 | ... N14: ='[7]DP8 CAIHUASI S1'!N14+'[7]DP6 CAIHUASI S2'!N14 -> 0 | O14: =SUM(B14:N14) -> 131 | P14: =O14/$O$35 -> 0.032766383
A15: 4 - 5 | B15: ='[7]DP8 CAIHUASI S1'!B15+'[7]DP6 CAIHUASI S2'!B15 -> 7 | C15: ='[7]DP8 CAIHUASI S1'!C15+'[7]DP6 CAIHUASI S2'!C15 -> 1 | D15: ='[7]DP8 CAIHUASI S1'!D15+'[7]DP6 CAIHUASI S2'!D15 -> 4 | E15: ='[7]DP8 CAIHUASI S1'!E15+'[7]DP6 CAIHUASI S2'!E15 -> 0 | F15: ='[7]DP8 CAIHUASI S1'!F15+'[7]DP6 CAIHUASI S2'!F15 -> 3 | G15: ='[7]DP8 CAIHUASI S1'!G15+'[7]DP6 CAIHUASI S2'!G15 -> 32 | H15: ='[7]DP8 CAIHUASI S1'!H15+'[7]DP6 CAIHUASI S2'!H15 -> 0 | I15: ='[7]DP8 CAIHUASI S1'!I15+'[7]DP6 CAIHUASI S2'!I15 -> 7 | ... N15: ='[7]DP8 CAIHUASI S1'!N15+'[7]DP6 CAIHUASI S2'!N15 -> 0 | O15: =SUM(B15:N15) -> 112 | P15: =O15/$O$35 -> 0.028014007
A16: 5 - 6 | B16: ='[7]DP8 CAIHUASI S1'!B16+'[7]DP6 CAIHUASI S2'!B16 -> 17 | C16: ='[7]DP8 CAIHUASI S1'!C16+'[7]DP6 CAIHUASI S2'!C16 -> 4 | D16: ='[7]DP8 CAIHUASI S1'!D16+'[7]DP6 CAIHUASI S2'!D16 -> 14 | E16: ='[7]DP8 CAIHUASI S1'!E16+'[7]DP6 CAIHUASI S2'!E16 -> 0 | F16: ='[7]DP8 CAIHUASI S1'!F16+'[7]DP6 CAIHUASI S2'!F16 -> 5 | G16: ='[7]DP8 CAIHUASI S1'!G16+'[7]DP6 CAIHUASI S2'!G16 -> 56 | H16: ='[7]DP8 CAIHUASI S1'!H16+'[7]DP6 CAIHUASI S2'!H16 -> 5 | I16: ='[7]DP8 CAIHUASI S1'!I16+'[7]DP6 CAIHUASI S2'!I16 -> 10 | ... N16: ='[7]DP8 CAIHUASI S1'!N16+'[7]DP6 CAIHUASI S2'!N16 -> 0 | O16: =SUM(B16:N16) -> 180 | P16: =O16/$O$35 -> 0.045022511
A17: 6 - 7 | B17: ='[7]DP8 CAIHUASI S1'!B17+'[7]DP6 CAIHUASI S2'!B17 -> 22 | C17: ='[7]DP8 CAIHUASI S1'!C17+'[7]DP6 CAIHUASI S2'!C17 -> 9 | D17: ='[7]DP8 CAIHUASI S1'!D17+'[7]DP6 CAIHUASI S2'!D17 -> 24 | E17: ='[7]DP8 CAIHUASI S1'!E17+'[7]DP6 CAIHUASI S2'!E17 -> 0 | F17: ='[7]DP8 CAIHUASI S1'!F17+'[7]DP6 CAIHUASI S2'!F17 -> 2 | G17: ='[7]DP8 CAIHUASI S1'!G17+'[7]DP6 CAIHUASI S2'!G17 -> 11 | H17: ='[7]DP8 CAIHUASI S1'!H17+'[7]DP6 CAIHUASI S2'!H17 -> 0 | I17: ='[7]DP8 CAIHUASI S1'!I17+'[7]DP6 CAIHUASI S2'!I17 -> 5 | ... N17: ='[7]DP8 CAIHUASI S1'!N17+'[7]DP6 CAIHUASI S2'!N17 -> 0 | O17: =SUM(B17:N17) -> 116 | P17: =O17/$O$35 -> 0.029014507
A18: 7 - 8 | B18: ='[7]DP8 CAIHUASI S1'!B18+'[7]DP6 CAIHUASI S2'!B18 -> 36 | C18: ='[7]DP8 CAIHUASI S1'!C18+'[7]DP6 CAIHUASI S2'!C18 -> 8 | D18: ='[7]DP8 CAIHUASI S1'!D18+'[7]DP6 CAIHUASI S2'!D18 -> 24 | E18: ='[7]DP8 CAIHUASI S1'!E18+'[7]DP6 CAIHUASI S2'!E18 -> 0 | F18: ='[7]DP8 CAIHUASI S1'!F18+'[7]DP6 CAIHUASI S2'!F18 -> 3 | G18: ='[7]DP8 CAIHUASI S1'!G18+'[7]DP6 CAIHUASI S2'!G18 -> 5 | H18: ='[7]DP8 CAIHUASI S1'!H18+'[7]DP6 CAIHUASI S2'!H18 -> 1 | I18: ='[7]DP8 CAIHUASI S1'!I18+'[7]DP6 CAIHUASI S2'!I18 -> 2 | ... N18: ='[7]DP8 CAIHUASI S1'!N18+'[7]DP6 CAIHUASI S2'!N18 -> 0 | O18: =SUM(B18:N18) -> 109 | P18: =O18/$O$35 -> 0.027263632
A19: 8 - 9 | B19: ='[7]DP8 CAIHUASI S1'!B19+'[7]DP6 CAIHUASI S2'!B19 -> 78 | C19: ='[7]DP8 CAIHUASI S1'!C19+'[7]DP6 CAIHUASI S2'!C19 -> 6 | D19: ='[7]DP8 CAIHUASI S1'!D19+'[7]DP6 CAIHUASI S2'!D19 -> 25 | E19: ='[7]DP8 CAIHUASI S1'!E19+'[7]DP6 CAIHUASI S2'!E19 -> 0 | F19: ='[7]DP8 CAIHUASI S1'!F19+'[7]DP6 CAIHUASI S2'!F19 -> 2 | G19: ='[7]DP8 CAIHUASI S1'!G19+'[7]DP6 CAIHUASI S2'!G19 -> 12 | H19: ='[7]DP8 CAIHUASI S1'!H19+'[7]DP6 CAIHUASI S2'!H19 -> 2 | I19: ='[7]DP8 CAIHUASI S1'!I19+'[7]DP6 CAIHUASI S2'!I19 -> 2 | ... N19: ='[7]DP8 CAIHUASI S1'!N19+'[7]DP6 CAIHUASI S2'!N19 -> 0 | O19: =SUM(B19:N19) -> 154 | P19: =O19/$O$35 -> 0.03851926
A20: 9 - 10 | B20: ='[7]DP8 CAIHUASI S1'!B20+'[7]DP6 CAIHUASI S2'!B20 -> 58 | C20: ='[7]DP8 CAIHUASI S1'!C20+'[7]DP6 CAIHUASI S2'!C20 -> 15 | D20: ='[7]DP8 CAIHUASI S1'!D20+'[7]DP6 CAIHUASI S2'!D20 -> 31 | E20: ='[7]DP8 CAIHUASI S1'!E20+'[7]DP6 CAIHUASI S2'!E20 -> 0 | F20: ='[7]DP8 CAIHUASI S1'!F20+'[7]DP6 CAIHUASI S2'!F20 -> 2 | G20: ='[7]DP8 CAIHUASI S1'!G20+'[7]DP6 CAIHUASI S2'!G20 -> 18 | H20: ='[7]DP8 CAIHUASI S1'!H20+'[7]DP6 CAIHUASI S2'!H20 -> 1 | I20: ='[7]DP8 CAIHUASI S1'!I20+'[7]DP6 CAIHUASI S2'!I20 -> 4 | ... N20: ='[7]DP8 CAIHUASI S1'!N20+'[7]DP6 CAIHUASI S2'!N20 -> 0 | O20: =SUM(B20:N20) -> 165 | P20: =O20/$O$35 -> 0.041270635
A21: 10 - 11 | B21: ='[7]DP8 CAIHUASI S1'!B21+'[7]DP6 CAIHUASI S2'!B21 -> 52 | C21: ='[7]DP8 CAIHUASI S1'!C21+'[7]DP6 CAIHUASI S2'!C21 -> 14 | D21: ='[7]DP8 CAIHUASI S1'!D21+'[7]DP6 CAIHUASI S2'!D21 -> 24 | E21: ='[7]DP8 CAIHUASI S1'!E21+'[7]DP6 CAIHUASI S2'!E21 -> 0 | F21: ='[7]DP8 CAIHUASI S1'!F21+'[7]DP6 CAIHUASI S2'!F21 -> 3 | G21: ='[7]DP8 CAIHUASI S1'!G21+'[7]DP6 CAIHUASI S2'!G21 -> 23 | H21: ='[7]DP8 CAIHUASI S1'!H21+'[7]DP6 CAIHUASI S2'!H21 -> 8 | I21: ='[7]DP8 CAIHUASI S1'!I21+'[7]DP6 CAIHUASI S2'!I21 -> 17 | ... N21: ='[7]DP8 CAIHUASI S1'!N21+'[7]DP6 CAIHUASI S2'!N21 -> 0 | O21: =SUM(B21:N21) -> 188 | P21: =O21/$O$35 -> 0.047023512
A22: 11 - 12 | B22: ='[7]DP8 CAIHUASI S1'!B22+'[7]DP6 CAIHUASI S2'!B22 -> 72 | C22: ='[7]DP8 CAIHUASI S1'!C22+'[7]DP6 CAIHUASI S2'!C22 -> 11 | D22: ='[7]DP8 CAIHUASI S1'!D22+'[7]DP6 CAIHUASI S2'!D22 -> 31 | E22: ='[7]DP8 CAIHUASI S1'!E22+'[7]DP6 CAIHUASI S2'!E22 -> 0 | F22: ='[7]DP8 CAIHUASI S1'!F22+'[7]DP6 CAIHUASI S2'!F22 -> 3 | G22: ='[7]DP8 CAIHUASI S1'!G22+'[7]DP6 CAIHUASI S2'!G22 -> 23 | H22: ='[7]DP8 CAIHUASI S1'!H22+'[7]DP6 CAIHUASI S2'!H22 -> 3 | I22: ='[7]DP8 CAIHUASI S1'!I22+'[7]DP6 CAIHUASI S2'!I22 -> 6 | ... N22: ='[7]DP8 CAIHUASI S1'!N22+'[7]DP6 CAIHUASI S2'!N22 -> 0 | O22: =SUM(B22:N22) -> 194 | P22: =O22/$O$35 -> 0.048524262
... A34: 23 - 24 | B34: ='[7]DP8 CAIHUASI S1'!B34+'[7]DP6 CAIHUASI S2'!B34 -> 8 | C34: ='[7]DP8 CAIHUASI S1'!C34+'[7]DP6 CAIHUASI S2'!C34 -> 8 | D34: ='[7]DP8 CAIHUASI S1'!D34+'[7]DP6 CAIHUASI S2'!D34 -> 12 | E34: ='[7]DP8 CAIHUASI S1'!E34+'[7]DP6 CAIHUASI S2'!E34 -> 0 | F34: ='[7]DP8 CAIHUASI S1'!F34+'[7]DP6 CAIHUASI S2'!F34 -> 8 | G34: ='[7]DP8 CAIHUASI S1'!G34+'[7]DP6 CAIHUASI S2'!G34 -> 61 | H34: ='[7]DP8 CAIHUASI S1'!H34+'[7]DP6 CAIHUASI S2'!H34 -> 0 | I34: ='[7]DP8 CAIHUASI S1'!I34+'[7]DP6 CAIHUASI S2'!I34 -> 12 | ... N34: ='[7]DP8 CAIHUASI S1'!N34+'[7]DP6 CAIHUASI S2'!N34 -> 0 | O34: =SUM(B34:N34) -> 195 | P34: =O34/$O$35 -> 0.048774387
A35: TOTAL | B35: =SUM(B11:B34) -> 790 | C35: =SUM(C11:C34) -> 168 | D35: =SUM(D11:D34) -> 529 | E35: =SUM(E11:E34) -> 2 | F35: =SUM(F11:F34) -> 105 | G35: =SUM(G11:G34) -> 734 | H35: =SUM(H11:H34) -> 75 | I35: =SUM(I11:I34) -> 256 | ... P35: =SUM(P11:P34) -> 1
A36: (%) | B36: =B35/$O$35 -> 0.1975988 | C36: =C35/$O$35 -> 0.042021011 | D36: =D35/$O$35 -> 0.13231616 | E36: =E35/$O$35 -> 0.00050025013 | F36: =F35/$O$35 -> 0.026263132 | G36: =G35/$O$35 -> 0.1835918 | H36: =H35/$O$35 -> 0.01875938 | I36: =I35/$O$35 -> 0.064032016 | ... N36: =N35/$O$35 -> 0 | O36: =SUM(B36:N36) -> 1

Sheet gráfica

Sheet FHP
A1: HORA DE - A | B1: AUTOMÓVILES VAGONETAS Y JEEP | C1: CAMIONETAS | D1: MINIBUSES | E1: MICROBUSES (DOS EJES) | F1: BÚS MEDIANO (DOS EJES) | G1: BÚS GRANDE (DOS O MAS EJES) | H1: CAMIÓN MEDIANO (DOS EJES) | I1: CAMIÓN GRANDE ( DOS EJES) | J1: CAMION GRANDE (TRES EJES) | K1: CAMIÓN CON SEMIRREMOLQUE | L1: CAMION CON REMOLQUE | M1: MOTOCICLETAS | N1: OTROS VEHICULOS | O1: TOTAL
A2: 14:00:00 14:15:00 | B2: 9 | C2: 1 | D2: 10 | E2: 0 | F2: 1 | G2: 6 | H2: 2 | I2: 1 | J2: 2 | K2: 2 | L2: 5 | M2: 2 | N2: 0 | O2: =SUM(B2:N2) -> 41
A3: 14:00:15 14:30:00 | B3: 15 | C3: 3 | D3: 5 | E3: 0 | F3: 1 | G3: 8 | H3: 1 | I3: 2 | J3: 2 | K3: 2 | L3: 6 | M3: 0 | N3: 0 | O3: =SUM(B3:N3) -> 45
A4: 14:30:00 14:45:00 | B4: 6 | C4: 2 | D4: 6 | E4: 0 | F4: 1 | G4: 2 | H4: 1 | I4: 2 | J4: 2 | K4: 2 | L4: 1 | M4: 0 | N4: 0 | O4: =SUM(B4:N4) -> 25
A5: 14:45:00 15:00:00 | B5: 5 | C5: 1 | D5: 2 | E5: 0 | F5: 1 | G5: 1 | H5: 0 | I5: 1 | J5: 2 | K5: 2 | L5: 1 | M5: 0 | N5: 0 | O5: =SUM(B5:N5) -> 16
A6: TOTAL | O6: =SUM(O2:O5) -> 127
A9: HORA DE - A | B9: AUTOMÓVILES VAGONETAS Y JEEP | C9: CAMIONETAS | D9: MINIBUSES | E9: MICROBUSES (DOS EJES) | F9: BÚS MEDIANO (DOS EJES) | G9: BÚS GRANDE (DOS O MAS EJES) | H9: CAMIÓN MEDIANO (DOS EJES) | I9: CAMIÓN GRANDE ( DOS EJES) | J9: CAMION GRANDE (TRES EJES) | K9: CAMIÓN CON SEMIRREMOLQUE | L9: CAMION CON REMOLQUE | M9: MOTOCICLETAS | N9: OTROS VEHICULOS | O9: TOTAL
A10: 14:00:00 14:15:00 | B10: 5 | C10: 2 | D10: 6 | E10: 0 | F10: 1 | G10: 6 | H10: 1 | I10: 5 | J10: 2 | K10: 8 | L10: 3 | M10: 1 | N10: 0 | O10: =SUM(B10:N10) -> 40
A11: 14:00:15 14:30:00 | B11: 6 | C11: 5 | D11: 8 | E11: 0 | F11: 0 | G11: 8 | H11: 0 | I11: 4 | J11: 3 | K11: 10 | L11: 2 | M11: 0 | N11: 0 | O11: =SUM(B11:N11) -> 46
A12: 14:30:00 14:45:00 | B12: 12 | C12: 3 | D12: 5 | E12: 0 | F12: 1 | G12: 5 | H12: 1 | I12: 3 | J12: 2 | K12: 6 | L12: 2 | M12: 1 | N12: 0 | O12: =SUM(B12:N12) -> 41
A13: 14:45:00 15:00:00 | B13: 9 | C13: 2 | D13: 5 | E13: 0 | F13: 1 | G13: 4 | H13: 1 | I13: 1 | J13: 2 | K13: 5 | L13: 2 | M13: 1 | N13: 0 | O13: =SUM(B13:N13) -> 33
A14: TOTAL | O14: =SUM(O10:O13) -> 160
A16: HORA DE - A | B16: AUTOMÓVILES VAGONETAS Y JEEP | C16: CAMIONETAS | D16: MINIBUSES | E16: MICROBUSES (DOS EJES) | F16: BÚS MEDIANO (DOS EJES) | G16: BÚS GRANDE (DOS O MAS EJES) | H16: CAMIÓN MEDIANO (DOS EJES) | I16: CAMIÓN GRANDE ( DOS EJES) | J16: CAMION GRANDE (TRES EJES) | K16: CAMIÓN CON SEMIRREMOLQUE | L16: CAMION CON REMOLQUE | M16: MOTOCICLETAS | N16: OTROS VEHICULOS | O16: TOTAL
A17: 14:00:00 14:15:00 | B17: =+B2+B10 -> 14 | C17: =+C2+C10 -> 3 | D17: =+D2+D10 -> 16 | E17: =+E2+E10 -> 0 | F17: =+F2+F10 -> 2 | G17: =+G2+G10 -> 12 | H17: =+H2+H10 -> 3 | I17: =+I2+I10 -> 6 | ... M17: =+M2+M10 -> 3 | N17: 0 | O17: =SUM(B17:N17) -> 81
A18: 14:00:15 14:30:00 | B18: =+B3+B11 -> 21 | C18: =+C3+C11 -> 8 | D18: =+D3+D11 -> 13 | E18: =+E3+E11 -> 0 | F18: =+F3+F11 -> 1 | G18: =+G3+G11 -> 16 | H18: =+H3+H11 -> 1 | I18: =+I3+I11 -> 6 | ... M18: =+M3+M11 -> 0 | N18: 0 | O18: =SUM(B18:N18) -> 91
A19: 14:30:00 14:45:00 | B19: =+B4+B12 -> 18 | C19: =+C4+C12 -> 5 | D19: =+D4+D12 -> 11 | E19: =+E4+E12 -> 0 | F19: =+F4+F12 -> 2 | G19: =+G4+G12 -> 7 | H19: =+H4+H12 -> 2 | I19: =+I4+I12 -> 5 | ... M19: =+M4+M12 -> 1 | N19: 0 | O19: =SUM(B19:N19) -> 66
A20: 14:45:00 15:00:00 | B20: =+B5+B13 -> 14 | C20: =+C5+C13 -> 3 | D20: =+D5+D13 -> 7 | E20: =+E5+E13 -> 0 | F20: =+F5+F13 -> 2 | G20: =+G5+G13 -> 5 | H20: =+H5+H13 -> 1 | I20: =+I5+I13 -> 2 | ... M20: =+M5+M13 -> 1 | N20: 0 | O20: =SUM(B20:N20) -> 49
A21: TOTAL | O21: =+O6+O14 -> 287

Sheet historicos
A1: AÑO | B1: TPDA
A2: 2015 | B2: 550
A3: 2016 | B3: 720
A4: 2017 | B4: 680
A5: 2018 | B5: 680
A6: 2019 | B6: 810
A7: 2020 | B7: 920
A8: 2021 | B8: 1120
A9: 2022 | B9: 1050
A10: 2023 | B10: 1250
A11: 2024 | B11: 1220
A14: % de trafico de Desarrollo | D14: 0.032
A15: % de trafico inducido | D15: 0.052

Sheet factor estacional
A1: N° | B1: VEHÍCULOS | C1: fe
A2: Enero | B2: 1752 | C2: =$B$14/B2 -> 0
A3: Febrero | B3: 1518 | C3: =$B$14/B3 -> 0
A4: Marzo | B4: 1424 | C4: =$B$14/B4 -> 0
A5: Abril | B5: 1500 | C5: =$B$14/B5 -> 0
A6: Mayo | B6: 1339 | C6: =$B$14/B6 -> 0
A7: Junio | B7: 1547 | C7: =$B$14/B7 -> 0
A8: Julio | B8: 1922 | C8: =$B$14/B8 -> 0
A9: Agosto | B9: 2039 | C9: =$B$14/B9 -> 0
A10: Septiembre | B10: 1666 | C10: =$B$14/B10 -> 0
A11: Octubre | B11: 1648 | C11: =$B$14/B11 -> 0
A12: Noviembre | B12: 1489 | C12: =$B$14/B12 -> 0
A13: Diciembre | B13: 1810 | C13: =$B$14/B13 -> 0
A14: TOTAL TP

Sheet velocidad recorrido
A1: NRO. | B1: LIVIANOS | C1: UTILITARIOS | D1: BUSES | E1: CAMIONES RIGIDOS | F1: CAMIONES ARTICULADOS
A2: 1 | B2: 50 | C2: 53 | D2: 36 | E2: 32 | F2: 20
A3: 2 | B3: 53 | C3: 55 | D3: 39 | E3: 32 | F3: 22
A4: 3 | B4: 53 | C4: 56 | D4: 39 | E4: 35 | F4: 24
A5: 4 | B5: 54 | C5: 56 | D5: 39 | E5: 35 | F5: 30
A6: 5 | B6: 55 | C6: 57 | D6: 39 | E6: 35 | F6: 30
A7: 6 | B7: 56 | C7: 57 | D7: 40 | E7: 36 | F7: 30
A8: 7 | B8: 56 | C8: 57 | D8: 40 | E8: 36 | F8: 30
A9: 8 | B9: 56 | C9: 57 | D9: 41 | E9: 37 | F9: 31
A10: 9 | B10: 57 | C10: 57 | D10: 41 | E10: 37 | F10: 31
A11: 10 | B11: 57 | C11: 57 | D11: 41 | E11: 38 | F11: 32
A12: 11 | B12: 58 | C12: 58 | D12: 42 | E12: 38 | F12: 32
A13: 12 | B13: 58 | C13: 58 | D13: 42 | E13: 38 | F13: 32
... A31: 30 | B31: 62 | C31: 62 | D31: 50 | E31: 46 | F31: 41

Sheet TPDA
C1: TIPO DE VEHÍCULO | O1: TPDA
A2: AÑO | B2: ETAPA | C2: T1 | D2: T2 | E2: T3 | F2: T4 | G2: T5 | H2: T6 | I2: T7 | J2: T8 | K2: T9 | L2: T10 | M2: T11 | N2: T12
B3: TPDS
B4: fe
B5: t
A6: 2020 | B6: EDTP | C6: =C3 -> 0 | D6: =D3 -> 0 | E6: =E3 -> 0 | F6: =F3 -> 0 | G6: =G3 -> 0 | H6: =H3 -> 0 | I6: =I3 -> 0 | J6: =J3 -> 0 | ... N6: =N3 -> 0 | O6: =SUM(C6:N6) -> 0 | P6: =O6*365 -> 0
A7: =+A6+1 -> 2021 | B7: LICIT | C7: =($C$3*$C$4*$C$5)+C6 -> 0 | D7: =($D$3*$D$4*$D$5)+D6 -> 0 | E7: =($E$3*$E$4*$E$5)+E6 -> 0 | F7: =($F$3*$F$4*$F$5)+F6 -> 0 | G7: =($G$3*$G$4*$G$5)+G6 -> 0 | H7: =($H$3*$H$4*$H$5)+H6 -> 0 | I7: =($I$3*$I$4*$I$5)+I6 -> 0 | J7: =($J$3*$J$4*$J$5)+J6 -> 0 | K7: =($K$3*$K$4*$K$5)+K6 -> 0 | L7: =($L$3*$L$4*$L$5)+L6 -> 0 | M7: =($M$3*$M$4*$M$5)+M6 -> 0 | N7: =($N$3*$N$4*$N$5)+N6 -> 0 | O7: =SUM(C7:N7) -> 0 | P7: =O7*365 -> 0
A8: =+A7+1 -> 2022 | B8: CONST. | C8: =($C$3*$C$4*$C$5)+C7 -> 0 | D8: =($D$3*$D$4*$D$5)+D7 -> 0 | E8: =($E$3*$E$4*$E$5)+E7 -> 0 | F8: =($F$3*$F$4*$F$5)+F7 -> 0 | G8: =($G$3*$G$4*$G$5)+G7 -> 0 | H8: =($H$3*$H$4*$H$5)+H7 -> 0 | I8: =($I$3*$I$4*$I$5)+I7 -> 0 | J8: =($J$3*$J$4*$J$5)+J7 -> 0 | K8: =($K$3*$K$4*$K$5)+K7 -> 0 | L8: =($L$3*$L$4*$L$5)+L7 -> 0 | M8: =($M$3*$M$4*$M$5)+M7 -> 0 | N8: =($N$3*$N$4*$N$5)+N7 -> 0 | O8: =SUM(C8:N8) -> 0 | P8: =O8*365 -> 0
A9: =+A8+1 -> 2023 | C9: =($C$3*$C$4*$C$5)+C8 -> 0 | D9: =($D$3*$D$4*$D$5)+D8 -> 0 | E9: =($E$3*$E$4*$E$5)+E8 -> 0 | F9: =($F$3*$F$4*$F$5)+F8 -> 0 | G9: =($G$3*$G$4*$G$5)+G8 -> 0 | H9: =($H$3*$H$4*$H$5)+H8 -> 0 | I9: =($I$3*$I$4*$I$5)+I8 -> 0 | J9: =($J$3*$J$4*$J$5)+J8 -> 0 | K9: =($K$3*$K$4*$K$5)+K8 -> 0 | L9: =($L$3*$L$4*$L$5)+L8 -> 0 | M9: =($M$3*$M$4*$M$5)+M8 -> 0 | N9: =($N$3*$N$4*$N$5)+N8 -> 0 | O9: =SUM(C9:N9) -> 0 | P9: =O9*365 -> 0
A10: =+A9+1 -> 2024 | C10: =($C$3*$C$4*$C$5)+C9 -> 0 | D10: =($D$3*$D$4*$D$5)+D9 -> 0 | E10: =($E$3*$E$4*$E$5)+E9 -> 0 | F10: =($F$3*$F$4*$F$5)+F9 -> 0 | G10: =($G$3*$G$4*$G$5)+G9 -> 0 | H10: =($H$3*$H$4*$H$5)+H9 -> 0 | I10: =($I$3*$I$4*$I$5)+I9 -> 0 | J10: =($J$3*$J$4*$J$5)+J9 -> 0 | K10: =($K$3*$K$4*$K$5)+K9 -> 0 | L10: =($L$3*$L$4*$L$5)+L9 -> 0 | M10: =($M$3*$M$4*$M$5)+M9 -> 0 | N10: =($N$3*$N$4*$N$5)+N9 -> 0 | O10: =SUM(C10:N10) -> 0 | P10: =O10*365 -> 0
A11: =+A10+1 -> 2025 | B11: O P E R A C I O N | C11: =($C$3*$C$4*$C$5)+C10 -> 0 | D11: =($D$3*$D$4*$D$5)+D10 -> 0 | E11: =($E$3*$E$4*$E$5)+E10 -> 0 | F11: =($F$3*$F$4*$F$5)+F10 -> 0 | G11: =($G$3*$G$4*$G$5)+G10 -> 0 | H11: =($H$3*$H$4*$H$5)+H10 -> 0 | I11: =($I$3*$I$4*$I$5)+I10 -> 0 | J11: =($J$3*$J$4*$J$5)+J10 -> 0 | K11: =($K$3*$K$4*$K$5)+K10 -> 0 | L11: =($L$3*$L$4*$L$5)+L10 -> 0 | M11: =($M$3*$M$4*$M$5)+M10 -> 0 | N11: =($N$3*$N$4*$N$5)+N10 -> 0 | O11: =SUM(C11:N11) -> 0 | P11: =O11*365 -> 0
A12: =+A11+1 -> 2026 | C12: =($C$3*$C$4*$C$5)+C11 -> 0 | D12: =($D$3*$D$4*$D$5)+D11 -> 0 | E12: =($E$3*$E$4*$E$5)+E11 -> 0 | F12: =($F$3*$F$4*$F$5)+F11 -> 0 | G12: =($G$3*$G$4*$G$5)+G11 -> 0 | H12: =($H$3*$H$4*$H$5)+H11 -> 0 | I12: =($I$3*$I$4*$I$5)+I11 -> 0 | J12: =($J$3*$J$4*$J$5)+J11 -> 0 | K12: =($K$3*$K$4*$K$5)+K11 -> 0 | L12: =($L$3*$L$4*$L$5)+L11 -> 0 | M12: =($M$3*$M$4*$M$5)+M11 -> 0 | N12: =($N$3*$N$4*$N$5)+N11 -> 0 | O12: =SUM(C12:N12) -> 0 | P12: =O12*365 -> 0
A13: =+A12+1 -> 2027 | C13: =($C$3*$C$4*$C$5)+C12 -> 0 | D13: =($D$3*$D$4*$D$5)+D12 -> 0 | E13: =($E$3*$E$4*$E$5)+E12 -> 0 | F13: =($F$3*$F$4*$F$5)+F12 -> 0 | G13: =($G$3*$G$4*$G$5)+G12 -> 0 | H13: =($H$3*$H$4*$H$5)+H12 -> 0 | I13: =($I$3*$I$4*$I$5)+I12 -> 0 | J13: =($J$3*$J$4*$J$5)+J12 -> 0 | K13: =($K$3*$K$4*$K$5)+K12 -> 0 | L13: =($L$3*$L$4*$L$5)+L12 -> 0 | M13: =($M$3*$M$4*$M$5)+M12 -> 0 | N13: =($N$3*$N$4*$N$5)+N12 -> 0 | O13: =SUM(C13:N13) -> 0 | P13: =O13*365 -> 0
A14: =+A13+1 -> 2028 | C14: =($C$3*$C$4*$C$5)+C13 -> 0 | D14: =($D$3*$D$4*$D$5)+D13 -> 0 | E14: =($E$3*$E$4*$E$5)+E13 -> 0 | F14: =($F$3*$F$4*$F$5)+F13 -> 0 | G14: =($G$3*$G$4*$G$5)+G13 -> 0 | H14: =($H$3*$H$4*$H$5)+H13 -> 0 | I14: =($I$3*$I$4*$I$5)+I13 -> 0 | J14: =($J$3*$J$4*$J$5)+J13 -> 0 | K14: =($K$3*$K$4*$K$5)+K13 -> 0 | L14: =($L$3*$L$4*$L$5)+L13 -> 0 | M14: =($M$3*$M$4*$M$5)+M13 -> 0 | N14: =($N$3*$N$4*$N$5)+N13 -> 0 | O14: =SUM(C14:N14) -> 0 | P14: =O14*365 -> 0
A15: =+A14+1 -> 2029 | C15: =($C$3*$C$4*$C$5)+C14 -> 0 | D15: =($D$3*$D$4*$D$5)+D14 -> 0 | E15: =($E$3*$E$4*$E$5)+E14 -> 0 | F15: =($F$3*$F$4*$F$5)+F14 -> 0 | G15: =($G$3*$G$4*$G$5)+G14 -> 0 | H15: =($H$3*$H$4*$H$5)+H14 -> 0 | I15: =($I$3*$I$4*$I$5)+I14 -> 0 | J15: =($J$3*$J$4*$J$5)+J14 -> 0 | K15: =($K$3*$K$4*$K$5)+K14 -> 0 | L15: =($L$3*$L$4*$L$5)+L14 -> 0 | M15: =($M$3*$M$4*$M$5)+M14 -> 0 | N15: =($N$3*$N$4*$N$5)+N14 -> 0 | O15: =SUM(C15:N15) -> 0 | P15: =O15*365 -> 0
A16: =+A15+1 -> 2030 | C16: =($C$3*$C$4*$C$5)+C15 -> 0 | D16: =($D$3*$D$4*$D$5)+D15 -> 0 | E16: =($E$3*$E$4*$E$5)+E15 -> 0 | F16: =($F$3*$F$4*$F$5)+F15 -> 0 | G16: =($G$3*$G$4*$G$5)+G15 -> 0 | H16: =($H$3*$H$4*$H$5)+H15 -> 0 | I16: =($I$3*$I$4*$I$5)+I15 -> 0 | J16: =($J$3*$J$4*$J$5)+J15 -> 0 | K16: =($K$3*$K$4*$K$5)+K15 -> 0 | L16: =($L$3*$L$4*$L$5)+L15 -> 0 | M16: =($M$3*$M$4*$M$5)+M15 -> 0 | N16: =($N$3*$N$4*$N$5)+N15 -> 0 | O16: =SUM(C16:N16) -> 0 | P16: =O16*365 -> 0
A17: =+A16+1 -> 2031 | C17: =($C$3*$C$4*$C$5)+C16 -> 0 | D17: =($D$3*$D$4*$D$5)+D16 -> 0 | E17: =($E$3*$E$4*$E$5)+E16 -> 0 | F17: =($F$3*$F$4*$F$5)+F16 -> 0 | G17: =($G$3*$G$4*$G$5)+G16 -> 0 | H17: =($H$3*$H$4*$H$5)+H16 -> 0 | I17: =($I$3*$I$4*$I$5)+I16 -> 0 | J17: =($J$3*$J$4*$J$5)+J16 -> 0 | K17: =($K$3*$K$4*$K$5)+K16 -> 0 | L17: =($L$3*$L$4*$L$5)+L16 -> 0 | M17: =($M$3*$M$4*$M$5)+M16 -> 0 | N17: =($N$3*$N$4*$N$5)+N16 -> 0 | O17: =SUM(C17:N17) -> 0 | P17: =O17*365 -> 0
A18: =+A17+1 -> 2032 | C18: =($C$3*$C$4*$C$5)+C17 -> 0 | D18: =($D$3*$D$4*$D$5)+D17 -> 0 | E18: =($E$3*$E$4*$E$5)+E17 -> 0 | F18: =($F$3*$F$4*$F$5)+F17 -> 0 | G18: =($G$3*$G$4*$G$5)+G17 -> 0 | H18: =($H$3*$H$4*$H$5)+H17 -> 0 | I18: =($I$3*$I$4*$I$5)+I17 -> 0 | J18: =($J$3*$J$4*$J$5)+J17 -> 0 | K18: =($K$3*$K$4*$K$5)+K17 -> 0 | L18: =($L$3*$L$4*$L$5)+L17 -> 0 | M18: =($M$3*$M$4*$M$5)+M17 -> 0 | N18: =($N$3*$N$4*$N$5)+N17 -> 0 | O18: =SUM(C18:N18) -> 0 | P18: =O18*365 -> 0
A19: =+A18+1 -> 2033 | C19: =($C$3*$C$4*$C$5)+C18 -> 0 | D19: =($D$3*$D$4*$D$5)+D18 -> 0 | E19: =($E$3*$E$4*$E$5)+E18 -> 0 | F19: =($F$3*$F$4*$F$5)+F18 -> 0 | G19: =($G$3*$G$4*$G$5)+G18 -> 0 | H19: =($H$3*$H$4*$H$5)+H18 -> 0 | I19: =($I$3*$I$4*$I$5)+I18 -> 0 | J19: =($J$3*$J$4*$J$5)+J18 -> 0 | K19: =($K$3*$K$4*$K$5)+K18 -> 0 | L19: =($L$3*$L$4*$L$5)+L18 -> 0 | M19: =($M$3*$M$4*$M$5)+M18 -> 0 | N19: =($N$3*$N$4*$N$5)+N18 -> 0 | O19: =SUM(C19:N19) -> 0 | P19: =O19*365 -> 0
A20: =+A19+1 -> 2034 | C20: =($C$3*$C$4*$C$5)+C19 -> 0 | D20: =($D$3*$D$4*$D$5)+D19 -> 0 | E20: =($E$3*$E$4*$E$5)+E19 -> 0 | F20: =($F$3*$F$4*$F$5)+F19 -> 0 | G20: =($G$3*$G$4*$G$5)+G19 -> 0 | H20: =($H$3*$H$4*$H$5)+H19 -> 0 | I20: =($I$3*$I$4*$I$5)+I19 -> 0 | J20: =($J$3*$J$4*$J$5)+J19 -> 0 | K20: =($K$3*$K$4*$K$5)+K19 -> 0 | L20: =($L$3*$L$4*$L$5)+L19 -> 0 | M20: =($M$3*$M$4*$M$5)+M19 -> 0 | N20: =($N$3*$N$4*$N$5)+N19 -> 0 | O20: =SUM(C20:N20) -> 0 | P20: =O20*365 -> 0
A21: =+A20+1 -> 2035 | C21: =($C$3*$C$4*$C$5)+C20 -> 0 | D21: =($D$3*$D$4*$D$5)+D20 -> 0 | E21: =($E$3*$E$4*$E$5)+E20 -> 0 | F21: =($F$3*$F$4*$F$5)+F20 -> 0 | G21: =($G$3*$G$4*$G$5)+G20 -> 0 | H21: =($H$3*$H$4*$H$5)+H20 -> 0 | I21: =($I$3*$I$4*$I$5)+I20 -> 0 | J21: =($J$3*$J$4*$J$5)+J20 -> 0 | K21: =($K$3*$K$4*$K$5)+K20 -> 0 | L21: =($L$3*$L$4*$L$5)+L20 -> 0 | M21: =($M$3*$M$4*$M$5)+M20 -> 0 | N21: =($N$3*$N$4*$N$5)+N20 -> 0 | O21: =SUM(C21:N21) -> 0 | P21: =O21*365 -> 0
A22: =+A21+1 -> 2036 | C22: =($C$3*$C$4*$C$5)+C21 -> 0 | D22: =($D$3*$D$4*$D$5)+D21 -> 0 | E22: =($E$3*$E$4*$E$5)+E21 -> 0 | F22: =($F$3*$F$4*$F$5)+F21 -> 0 | G22: =($G$3*$G$4*$G$5)+G21 -> 0 | H22: =($H$3*$H$4*$H$5)+H21 -> 0 | I22: =($I$3*$I$4*$I$5)+I21 -> 0 | J22: =($J$3*$J$4*$J$5)+J21 -> 0 | K22: =($K$3*$K$4*$K$5)+K21 -> 0 | L22: =($L$3*$L$4*$L$5)+L21 -> 0 | M22: =($M$3*$M$4*$M$5)+M21 -> 0 | N22: =($N$3*$N$4*$N$5)+N21 -> 0 | O22: =SUM(C22:N22) -> 0 | P22: =O22*365 -> 0
A23: =+A22+1 -> 2037 | C23: =($C$3*$C$4*$C$5)+C22 -> 0 | D23: =($D$3*$D$4*$D$5)+D22 -> 0 | E23: =($E$3*$E$4*$E$5)+E22 -> 0 | F23: =($F$3*$F$4*$F$5)+F22 -> 0 | G23: =($G$3*$G$4*$G$5)+G22 -> 0 | H23: =($H$3*$H$4*$H$5)+H22 -> 0 | I23: =($I$3*$I$4*$I$5)+I22 -> 0 | J23: =($J$3*$J$4*$J$5)+J22 -> 0 | K23: =($K$3*$K$4*$K$5)+K22 -> 0 | L23: =($L$3*$L$4*$L$5)+L22 -> 0 | M23: =($M$3*$M$4*$M$5)+M22 -> 0 | N23: =($N$3*$N$4*$N$5)+N22 -> 0 | O23: =SUM(C23:N23) -> 0 | P23: =O23*365 -> 0
... A30: =+A29+1 -> 2044 | C30: =($C$3*$C$4*$C$5)+C29 -> 0 | D30: =($D$3*$D$4*$D$5)+D29 -> 0 | E30: =($E$3*$E$4*$E$5)+E29 -> 0 | F30: =($F$3*$F$4*$F$5)+F29 -> 0 | G30: =($G$3*$G$4*$G$5)+G29 -> 0 | H30: =($H$3*$H$4*$H$5)+H29 -> 0 | I30: =($I$3*$I$4*$I$5)+I29 -> 0 | J30: =($J$3*$J$4*$J$5)+J29 -> 0 | K30: =($K$3*$K$4*$K$5)+K29 -> 0 | L30: =($L$3*$L$4*$L$5)+L29 -> 0 | M30: =($M$3*$M$4*$M$5)+M29 -> 0 | N30: =($N$3*$N$4*$N$5)+N29 -> 0 | O30: =SUM(C30:N30) -> 0 | P30: =O30*365 -> 0
A33: REFERENCIAS
A34: T1: Automóviles, Vagonetas y Jeep | E34: T5: Buses Medianos dos ejes (22 a 35 asientos) | J34: T9: Camiones Grandes tres ejes (hasta 10 Ton)
A35: T2: Camionetas (Hasta 2 Ton) | E35: T6: Buses Grandes tres ejes (36 asientos o mas) | J35: T10: Camiones Semiremolque
A36: T3: Minibuses (7 a 15 asientos) | E36: T7: Camiones Medianos dos ejes (hasta 10 Ton) | J36: T11: Camiones Remolque
A37: T4: Microbuses dos ejes (16 a 21 asientos) | E37: T8: Camiones Grandes dos ejes | J37: T12: Otros Vehículos

Sheet EE1
C1: TIPO DE VEHÍCULO | AA1: ESAL's
A2: AÑO | B2: ETAPA | C2: T1 | E2: T2 | G2: T3 | I2: T4 | K2: T5 | M2: T6 | O2: T7 | Q2: T8 | S2: T9 | U2: T10 | W2: T11 | Y2: T12
B3: TPDS | C3: =[8]CONSOLIDADO!B36/2 -> 478.28571 | E3: =[8]CONSOLIDADO!C36/2 -> 84.214286 | G3: =[8]CONSOLIDADO!D36/2 -> 265.64286 | I3: =[8]CONSOLIDADO!E36/2 -> 1.6428571 | K3: =[8]CONSOLIDADO!F36/2 -> 42.5 | M3: =[8]CONSOLIDADO!G36/2 -> 292.85714 | O3: =[8]CONSOLIDADO!H36/2 -> 27.857143 | Q3: =[8]CONSOLIDADO!I36/2 -> 117.28571 | S3: =[8]CONSOLIDADO!J36/2 -> 196.5 | U3: =[8]CONSOLIDADO!K36/2 -> 260.07143 | W3: =[8]CONSOLIDADO!L36/2 -> 74.785714 | Y3: =[8]CONSOLIDADO!M36/2 -> 10.428571
B4: % | C4: =[8]CONSOLIDADO!B52 -> 0.25824367 | E4: =[8]CONSOLIDADO!C52 -> 0.045470323 | G4: =[8]CONSOLIDADO!D52 -> 0.14343014 | I4: =[8]CONSOLIDADO!E52 -> 0.00088703768 | K4: =[8]CONSOLIDADO!F52 -> 0.022947279 | M4: =[8]CONSOLIDADO!G52 -> 0.15812411 | O4: =[8]CONSOLIDADO!H52 -> 0.015041074 | Q4: =[8]CONSOLIDADO!I52 -> 0.063326777 | S4: =[8]CONSOLIDADO!J52 -> 0.10609742 | U4: =[8]CONSOLIDADO!K52 -> 0.14042192 | W4: =[8]CONSOLIDADO!L52 -> 0.040379498 | Y4: =[8]CONSOLIDADO!M52 -> 0.0056307609 | AL4: =(7.7/7.77)^4.32 -> 0.96165907
B5: FACTOR EE | C5: =AL4 -> 0.96165907 | E5: =AL4 -> 0.96165907 | G5: =AL4 -> 0.96165907 | I5: =AL9 -> 18.238917 | K5: =AL9 -> 18.238917 | M5: =AL9 -> 18.238917 | O5: =AL14 -> 2.080878 | Q5: =AL14 -> 2.080878 | S5: =AL14 -> 2.080878 | U5: =AL18 -> 1.4269532 | W5: =AL18 -> 1.4269532 | Y5: =AL4 -> 0.96165907
C6: 0.2 | D6: 0.8 | E6: 0.2 | F6: 0.8 | G6: 0.2 | H6: 0.8 | I6: 0.2 | J6: 0.8 | K6: 0.2 | L6: 0.8 | M6: 0.2 | N6: 0.8 | O6: 0.2 | P6: 0.8 | Q6: 0.2 | R6: 0.8 | S6: 0.2 | T6: 0.8 | U6: 0.2 | V6: 0.8 | W6: 0.2 | X6: 0.8 | Y6: 0.2 | Z6: 0.8
A7: 2020 | C7: =TPDA!C6*'EE1'!$C$4:$D$4*'EE1'!$C$5:$D$5*$C$6 -> 0 | D7: =TPDA!C6*'EE1'!$C$4*'EE1'!$C$5*$D$6 -> 0 | E7: =TPDA!D6*$E$4*$E$5*$E$6 -> 0 | F7: =TPDA!D6*$E$5*$E$5*$F$6 -> 0 | G7: =TPDA!E6*$G$4*$G$5*$G$6 -> 0 | H7: =TPDA!E6*$G$4*$G$5*$H$6 -> 0 | I7: =TPDA!F6*$I$4*$I$5*$I$6 -> 0 | J7: =TPDA!F6*$I$4*$I$5*$J$6 -> 0 | K7: =TPDA!G6*$K$4*$K$5*$K$6 -> 0 | L7: =TPDA!G6*$K$4*$K$5*$L$6 -> 0 | M7: =TPDA!H6*$M$4*$M$5*$M$6 -> 0 | N7: =TPDA!H6*$M$4*$M$5*$N$6 -> 0 | O7: =TPDA!I6*$O$4*$O$5*$O$6 -> 0 | P7: =TPDA!I6*$O$4*$O$5*$P$6 -> 0 | Q7: =TPDA!J6*$Q$4*$Q$5*$Q$6 -> 0 | R7: =TPDA!J6*$Q$4*$Q$5*$R$6 -> 0 | S7: =TPDA!K6*$S$4*$S$5*$S$6 -> 0 | T7: =TPDA!K6*$S$4*$S$5*$T$6 -> 0 | U7: =TPDA!L6*$U$4*$U$5*$U$6 -> 0 | V7: =TPDA!L6*$U$4*$U$5*$V$6 -> 0 | W7: =TPDA!M6*$W$4*$W$5*$W$6 -> 0 | X7: =TPDA!M6*$W$4*$W$5*$X$6 -> 0 | Y7: =TPDA!N6*$Y$4*$Y$5*$Y$6 -> 0 | Z7: =TPDA!N6*$Y$4*$Y$5*$Z$6 -> 0 | AA7: =SUM(C7:Z7) -> 0 | AB7: =AA7*365 -> 0
A8: =+A7+1 -> 2021 | B8: EP | C8: =TPDA!C7*'EE1'!$C$4:$D$4*'EE1'!$C$5:$D$5*$C$6 -> 0 | D8: =TPDA!C7*'EE1'!$C$4*'EE1'!$C$5*$D$6 -> 0 | E8: =TPDA!D7*$E$4*$E$5*$E$6 -> 0 | F8: =TPDA!D7*$E$5*$E$5*$F$6 -> 0 | G8: =TPDA!E7*$G$4*$G$5*$G$6 -> 0 | H8: =TPDA!E7*$G$4*$G$5*$H$6 -> 0 | I8: =(POWER((0.2*5.5)/8.17,4.32))*TPDA!F7 -> 0 | J8: =TPDA!F7*$I$4*$I$5*$J$6 -> 0 | K8: =TPDA!G7*$K$4*$K$5*$K$6 -> 0 | L8: =TPDA!G7*$K$4*$K$5*$L$6 -> 0 | M8: =TPDA!H7*$M$4*$M$5*$M$6 -> 0 | N8: =TPDA!H7*$M$4*$M$5*$N$6 -> 0 | O8: =TPDA!I7*$O$4*$O$5*$O$6 -> 0 | P8: =TPDA!I7*$O$4*$O$5*$P$6 -> 0 | Q8: =TPDA!J7*$Q$4*$Q$5*$Q$6 -> 0 | R8: =TPDA!J7*$Q$4*$Q$5*$R$6 -> 0 | S8: =TPDA!K7*$S$4*$S$5*$S$6 -> 0 | T8: =TPDA!K7*$S$4*$S$5*$T$6 -> 0 | U8: =TPDA!L7*$U$4*$U$5*$U$6 -> 0 | V8: =TPDA!L7*$U$4*$U$5*$V$6 -> 0 | W8: =TPDA!M7*$W$4*$W$5*$W$6 -> 0 | X8: =TPDA!M7*$W$4*$W$5*$X$6 -> 0 | Y8: =TPDA!N7*$Y$4*$Y$5*$Y$6 -> 0 | Z8: =TPDA!N7*$Y$4*$Y$5*$Z$6 -> 0 | AA8: =SUM(C8:Z8) -> 0 | AB8: =AA8*365 -> 0
A9: =+A8+1 -> 2022 | B9: LICT. | C9: =TPDA!C8*'EE1'!$C$4:$D$4*'EE1'!$C$5:$D$5*$C$6 -> 0 | D9: =TPDA!C8*'EE1'!$C$4*'EE1'!$C$5*$D$6 -> 0 | E9: =TPDA!D8*$E$4*$E$5*$E$6 -> 0 | F9: =TPDA!D8*$E$5*$E$5*$F$6 -> 0 | G9: =TPDA!E8*$G$4*$G$5*$G$6 -> 0 | H9: =TPDA!E8*$G$4*$G$5*$H$6 -> 0 | I9: =(POWER((0.2*5.5)/8.17,4.32))*TPDA!F8 -> 0 | J9: =TPDA!F8*$I$4*$I$5*$J$6 -> 0 | K9: =TPDA!G8*$K$4*$K$5*$K$6 -> 0 | L9: =TPDA!G8*$K$4*$K$5*$L$6 -> 0 | M9: =TPDA!H8*$M$4*$M$5*$M$6 -> 0 | N9: =TPDA!H8*$M$4*$M$5*$N$6 -> 0 | O9: =TPDA!I8*$O$4*$O$5*$O$6 -> 0 | P9: =TPDA!I8*$O$4*$O$5*$P$6 -> 0 | Q9: =TPDA!J8*$Q$4*$Q$5*$Q$6 -> 0 | R9: =TPDA!J8*$Q$4*$Q$5*$R$6 -> 0 | S9: =TPDA!K8*$S$4*$S$5*$S$6 -> 0 | T9: =TPDA!K8*$S$4*$S$5*$T$6 -> 0 | U9: =TPDA!L8*$U$4*$U$5*$U$6 -> 0 | V9: =TPDA!L8*$U$4*$U$5*$V$6 -> 0 | W9: =TPDA!M8*$W$4*$W$5*$W$6 -> 0 | X9: =TPDA!M8*$W$4*$W$5*$X$6 -> 0 | Y9: =TPDA!N8*$Y$4*$Y$5*$Y$6 -> 0 | Z9: =TPDA!N8*$Y$4*$Y$5*$Z$6 -> 0 | AA9: =SUM(C9:Z9) -> 0 | AB9: =AA9*365 -> 0 | AL9: =(16/8.17)^4.32 -> 18.238917
A10: =+A9+1 -> 2023 | B10: CONST. | C10: =TPDA!C9*'EE1'!$C$4:$D$4*'EE1'!$C$5:$D$5*$C$6 -> 0 | D10: =TPDA!C9*'EE1'!$C$4*'EE1'!$C$5*$D$6 -> 0 | E10: =TPDA!D9*$E$4*$E$5*$E$6 -> 0 | F10: =TPDA!D9*$E$5*$E$5*$F$6 -> 0 | G10: =TPDA!E9*$G$4*$G$5*$G$6 -> 0 | H10: =TPDA!E9*$G$4*$G$5*$H$6 -> 0 | I10: =(POWER((0.2*5.5)/8.17,4.32))*TPDA!F9 -> 0 | J10: =TPDA!F9*$I$4*$I$5*$J$6 -> 0 | K10: =TPDA!G9*$K$4*$K$5*$K$6 -> 0 | L10: =TPDA!G9*$K$4*$K$5*$L$6 -> 0 | M10: =TPDA!H9*$M$4*$M$5*$M$6 -> 0 | N10: =TPDA!H9*$M$4*$M$5*$N$6 -> 0 | O10: =TPDA!I9*$O$4*$O$5*$O$6 -> 0 | P10: =TPDA!I9*$O$4*$O$5*$P$6 -> 0 | Q10: =TPDA!J9*$Q$4*$Q$5*$Q$6 -> 0 | R10: =TPDA!J9*$Q$4*$Q$5*$R$6 -> 0 | S10: =TPDA!K9*$S$4*$S$5*$S$6 -> 0 | T10: =TPDA!K9*$S$4*$S$5*$T$6 -> 0 | U10: =TPDA!L9*$U$4*$U$5*$U$6 -> 0 | V10: =TPDA!L9*$U$4*$U$5*$V$6 -> 0 | W10: =TPDA!M9*$W$4*$W$5*$W$6 -> 0 | X10: =TPDA!M9*$W$4*$W$5*$X$6 -> 0 | Y10: =TPDA!N9*$Y$4*$Y$5*$Y$6 -> 0 | Z10: =TPDA!N9*$Y$4*$Y$5*$Z$6 -> 0 | AA10: =SUM(C10:Z10) -> 0 | AB10: =AA10*365 -> 0
A11: =+A10+1 -> 2024 | C11: =TPDA!C10*'EE1'!$C$4:$D$4*'EE1'!$C$5:$D$5*$C$6 -> 0 | D11: =TPDA!C10*'EE1'!$C$4*'EE1'!$C$5*$D$6 -> 0 | E11: =TPDA!D10*$E$4*$E$5*$E$6 -> 0 | F11: =TPDA!D10*$E$5*$E$5*$F$6 -> 0 | G11: =TPDA!E10*$G$4*$G$5*$G$6 -> 0 | H11: =TPDA!E10*$G$4*$G$5*$H$6 -> 0 | I11: =(POWER((0.2*5.5)/8.17,4.32))*TPDA!F10 -> 0 | J11: =TPDA!F10*$I$4*$I$5*$J$6 -> 0 | K11: =TPDA!G10*$K$4*$K$5*$K$6 -> 0 | L11: =TPDA!G10*$K$4*$K$5*$L$6 -> 0 | M11: =TPDA!H10*$M$4*$M$5*$M$6 -> 0 | N11: =TPDA!H10*$M$4*$M$5*$N$6 -> 0 | O11: =TPDA!I10*$O$4*$O$5*$O$6 -> 0 | P11: =TPDA!I10*$O$4*$O$5*$P$6 -> 0 | Q11: =TPDA!J10*$Q$4*$Q$5*$Q$6 -> 0 | R11: =TPDA!J10*$Q$4*$Q$5*$R$6 -> 0 | S11: =TPDA!K10*$S$4*$S$5*$S$6 -> 0 | T11: =TPDA!K10*$S$4*$S$5*$T$6 -> 0 | U11: =TPDA!L10*$U$4*$U$5*$U$6 -> 0 | V11: =TPDA!L10*$U$4*$U$5*$V$6 -> 0 | W11: =TPDA!M10*$W$4*$W$5*$W$6 -> 0 | X11: =TPDA!M10*$W$4*$W$5*$X$6 -> 0 | Y11: =TPDA!N10*$Y$4*$Y$5*$Y$6 -> 0 | Z11: =TPDA!N10*$Y$4*$Y$5*$Z$6 -> 0 | AA11: =SUM(C11:Z11) -> 0 | AB11: =AA11*365 -> 0
A12: =+A11+1 -> 2025 | C12: =TPDA!C11*'EE1'!$C$4:$D$4*'EE1'!$C$5:$D$5*$C$6 -> 0 | D12: =TPDA!C11*'EE1'!$C$4*'EE1'!$C$5*$D$6 -> 0 | E12: =TPDA!D11*$E$4*$E$5*$E$6 -> 0 | F12: =TPDA!D11*$E$5*$E$5*$F$6 -> 0 | G12: =TPDA!E11*$G$4*$G$5*$G$6 -> 0 | H12: =TPDA!E11*$G$4*$G$5*$H$6 -> 0 | I12: =(POWER((0.2*5.5)/8.17,4.32))*TPDA!F11 -> 0 | J12: =TPDA!F11*$I$4*$I$5*$J$6 -> 0 | K12: =TPDA!G11*$K$4*$K$5*$K$6 -> 0 | L12: =TPDA!G11*$K$4*$K$5*$L$6 -> 0 | M12: =TPDA!H11*$M$4*$M$5*$M$6 -> 0 | N12: =TPDA!H11*$M$4*$M$5*$N$6 -> 0 | O12: =TPDA!I11*$O$4*$O$5*$O$6 -> 0 | P12: =TPDA!I11*$O$4*$O$5*$P$6 -> 0 | Q12: =TPDA!J11*$Q$4*$Q$5*$Q$6 -> 0 | R12: =TPDA!J11*$Q$4*$Q$5*$R$6 -> 0 | S12: =TPDA!K11*$S$4*$S$5*$S$6 -> 0 | T12: =TPDA!K11*$S$4*$S$5*$T$6 -> 0 | U12: =TPDA!L11*$U$4*$U$5*$U$6 -> 0 | V12: =TPDA!L11*$U$4*$U$5*$V$6 -> 0 | W12: =TPDA!M11*$W$4*$W$5*$W$6 -> 0 | X12: =TPDA!M11*$W$4*$W$5*$X$6 -> 0 | Y12: =TPDA!N11*$Y$4*$Y$5*$Y$6 -> 0 | Z12: =TPDA!N11*$Y$4*$Y$5*$Z$6 -> 0 | AA12: =SUM(C12:Z12) -> 0 | AB12: =AA12*365 -> 0
A13: =+A12+1 -> 2026 | B13: O P E R A C I O N | C13: =TPDA!C12*'EE1'!$C$4:$D$4*'EE1'!$C$5:$D$5*$C$6 -> 0 | D13: =TPDA!C12*'EE1'!$C$4*'EE1'!$C$5*$D$6 -> 0 | E13: =TPDA!D12*$E$4*$E$5*$E$6 -> 0 | F13: =TPDA!D12*$E$5*$E$5*$F$6 -> 0 | G13: =TPDA!E12*$G$4*$G$5*$G$6 -> 0 | H13: =TPDA!E12*$G$4*$G$5*$H$6 -> 0 | I13: =(POWER((0.2*5.5)/8.17,4.32))*TPDA!F12 -> 0 | J13: =TPDA!F12*$I$4*$I$5*$J$6 -> 0 | K13: =TPDA!G12*$K$4*$K$5*$K$6 -> 0 | L13: =TPDA!G12*$K$4*$K$5*$L$6 -> 0 | M13: =TPDA!H12*$M$4*$M$5*$M$6 -> 0 | N13: =TPDA!H12*$M$4*$M$5*$N$6 -> 0 | O13: =TPDA!I12*$O$4*$O$5*$O$6 -> 0 | P13: =TPDA!I12*$O$4*$O$5*$P$6 -> 0 | Q13: =TPDA!J12*$Q$4*$Q$5*$Q$6 -> 0 | R13: =TPDA!J12*$Q$4*$Q$5*$R$6 -> 0 | S13: =TPDA!K12*$S$4*$S$5*$S$6 -> 0 | T13: =TPDA!K12*$S$4*$S$5*$T$6 -> 0 | U13: =TPDA!L12*$U$4*$U$5*$U$6 -> 0 | V13: =TPDA!L12*$U$4*$U$5*$V$6 -> 0 | W13: =TPDA!M12*$W$4*$W$5*$W$6 -> 0 | X13: =TPDA!M12*$W$4*$W$5*$X$6 -> 0 | Y13: =TPDA!N12*$Y$4*$Y$5*$Y$6 -> 0 | Z13: =TPDA!N12*$Y$4*$Y$5*$Z$6 -> 0 | AA13: =SUM(C13:Z13) -> 0 | AB13: =AA13*365 -> 0
A14: =+A13+1 -> 2027 | C14: =TPDA!C13*'EE1'!$C$4:$D$4*'EE1'!$C$5:$D$5*$C$6 -> 0 | D14: =TPDA!C13*'EE1'!$C$4*'EE1'!$C$5*$D$6 -> 0 | E14: =TPDA!D13*$E$4*$E$5*$E$6 -> 0 | F14: =TPDA!D13*$E$5*$E$5*$F$6 -> 0 | G14: =TPDA!E13*$G$4*$G$5*$G$6 -> 0 | H14: =TPDA!E13*$G$4*$G$5*$H$6 -> 0 | I14: =(POWER((0.2*5.5)/8.17,4.32))*TPDA!F13 -> 0 | J14: =TPDA!F13*$I$4*$I$5*$J$6 -> 0 | K14: =TPDA!G13*$K$4*$K$5*$K$6 -> 0 | L14: =TPDA!G13*$K$4*$K$5*$L$6 -> 0 | M14: =TPDA!H13*$M$4*$M$5*$M$6 -> 0 | N14: =TPDA!H13*$M$4*$M$5*$N$6 -> 0 | O14: =TPDA!I13*$O$4*$O$5*$O$6 -> 0 | P14: =TPDA!I13*$O$4*$O$5*$P$6 -> 0 | Q14: =TPDA!J13*$Q$4*$Q$5*$Q$6 -> 0 | R14: =TPDA!J13*$Q$4*$Q$5*$R$6 -> 0 | S14: =TPDA!K13*$S$4*$S$5*$S$6 -> 0 | T14: =TPDA!K13*$S$4*$S$5*$T$6 -> 0 | U14: =TPDA!L13*$U$4*$U$5*$U$6 -> 0 | V14: =TPDA!L13*$U$4*$U$5*$V$6 -> 0 | W14: =TPDA!M13*$W$4*$W$5*$W$6 -> 0 | X14: =TPDA!M13*$W$4*$W$5*$X$6 -> 0 | Y14: =TPDA!N13*$Y$4*$Y$5*$Y$6 -> 0 | Z14: =TPDA!N13*$Y$4*$Y$5*$Z$6 -> 0 | AA14: =SUM(C14:Z14) -> 0 | AB14: =AA14*365 -> 0 | AL14: =(18/15.08)^4.14 -> 2.080878
A15: =+A14+1 -> 2028 | C15: =TPDA!C14*'EE1'!$C$4:$D$4*'EE1'!$C$5:$D$5*$C$6 -> 0 | D15: =TPDA!C14*'EE1'!$C$4*'EE1'!$C$5*$D$6 -> 0 | E15: =TPDA!D14*$E$4*$E$5*$E$6 -> 0 | F15: =TPDA!D14*$E$5*$E$5*$F$6 -> 0 | G15: =TPDA!E14*$G$4*$G$5*$G$6 -> 0 | H15: =TPDA!E14*$G$4*$G$5*$H$6 -> 0 | I15: =(POWER((0.2*5.5)/8.17,4.32))*TPDA!F14 -> 0 | J15: =TPDA!F14*$I$4*$I$5*$J$6 -> 0 | K15: =TPDA!G14*$K$4*$K$5*$K$6 -> 0 | L15: =TPDA!G14*$K$4*$K$5*$L$6 -> 0 | M15: =TPDA!H14*$M$4*$M$5*$M$6 -> 0 | N15: =TPDA!H14*$M$4*$M$5*$N$6 -> 0 | O15: =TPDA!I14*$O$4*$O$5*$O$6 -> 0 | P15: =TPDA!I14*$O$4*$O$5*$P$6 -> 0 | Q15: =TPDA!J14*$Q$4*$Q$5*$Q$6 -> 0 | R15: =TPDA!J14*$Q$4*$Q$5*$R$6 -> 0 | S15: =TPDA!K14*$S$4*$S$5*$S$6 -> 0 | T15: =TPDA!K14*$S$4*$S$5*$T$6 -> 0 | U15: =TPDA!L14*$U$4*$U$5*$U$6 -> 0 | V15: =TPDA!L14*$U$4*$U$5*$V$6 -> 0 | W15: =TPDA!M14*$W$4*$W$5*$W$6 -> 0 | X15: =TPDA!M14*$W$4*$W$5*$X$6 -> 0 | Y15: =TPDA!N14*$Y$4*$Y$5*$Y$6 -> 0 | Z15: =TPDA!N14*$Y$4*$Y$5*$Z$6 -> 0 | AA15: =SUM(C15:Z15) -> 0 | AB15: =AA15*365 -> 0
A16: =+A15+1 -> 2029 | C16: =TPDA!C15*'EE1'!$C$4:$D$4*'EE1'!$C$5:$D$5*$C$6 -> 0 | D16: =TPDA!C15*'EE1'!$C$4*'EE1'!$C$5*$D$6 -> 0 | E16: =TPDA!D15*$E$4*$E$5*$E$6 -> 0 | F16: =TPDA!D15*$E$5*$E$5*$F$6 -> 0 | G16: =TPDA!E15*$G$4*$G$5*$G$6 -> 0 | H16: =TPDA!E15*$G$4*$G$5*$H$6 -> 0 | I16: =(POWER((0.2*5.5)/8.17,4.32))*TPDA!F15 -> 0 | J16: =TPDA!F15*$I$4*$I$5*$J$6 -> 0 | K16: =TPDA!G15*$K$4*$K$5*$K$6 -> 0 | L16: =TPDA!G15*$K$4*$K$5*$L$6 -> 0 | M16: =TPDA!H15*$M$4*$M$5*$M$6 -> 0 | N16: =TPDA!H15*$M$4*$M$5*$N$6 -> 0 | O16: =TPDA!I15*$O$4*$O$5*$O$6 -> 0 | P16: =TPDA!I15*$O$4*$O$5*$P$6 -> 0 | Q16: =TPDA!J15*$Q$4*$Q$5*$Q$6 -> 0 | R16: =TPDA!J15*$Q$4*$Q$5*$R$6 -> 0 | S16: =TPDA!K15*$S$4*$S$5*$S$6 -> 0 | T16: =TPDA!K15*$S$4*$S$5*$T$6 -> 0 | U16: =TPDA!L15*$U$4*$U$5*$U$6 -> 0 | V16: =TPDA!L15*$U$4*$U$5*$V$6 -> 0 | W16: =TPDA!M15*$W$4*$W$5*$W$6 -> 0 | X16: =TPDA!M15*$W$4*$W$5*$X$6 -> 0 | Y16: =TPDA!N15*$Y$4*$Y$5*$Y$6 -> 0 | Z16: =TPDA!N15*$Y$4*$Y$5*$Z$6 -> 0 | AA16: =SUM(C16:Z16) -> 0 | AB16: =AA16*365 -> 0
A17: =+A16+1 -> 2030 | C17: =TPDA!C16*'EE1'!$C$4:$D$4*'EE1'!$C$5:$D$5*$C$6 -> 0 | D17: =TPDA!C16*'EE1'!$C$4*'EE1'!$C$5*$D$6 -> 0 | E17: =TPDA!D16*$E$4*$E$5*$E$6 -> 0 | F17: =TPDA!D16*$E$5*$E$5*$F$6 -> 0 | G17: =TPDA!E16*$G$4*$G$5*$G$6 -> 0 | H17: =TPDA!E16*$G$4*$G$5*$H$6 -> 0 | I17: =(POWER((0.2*5.5)/8.17,4.32))*TPDA!F16 -> 0 | J17: =TPDA!F16*$I$4*$I$5*$J$6 -> 0 | K17: =TPDA!G16*$K$4*$K$5*$K$6 -> 0 | L17: =TPDA!G16*$K$4*$K$5*$L$6 -> 0 | M17: =TPDA!H16*$M$4*$M$5*$M$6 -> 0 | N17: =TPDA!H16*$M$4*$M$5*$N$6 -> 0 | O17: =TPDA!I16*$O$4*$O$5*$O$6 -> 0 | P17: =TPDA!I16*$O$4*$O$5*$P$6 -> 0 | Q17: =TPDA!J16*$Q$4*$Q$5*$Q$6 -> 0 | R17: =TPDA!J16*$Q$4*$Q$5*$R$6 -> 0 | S17: =TPDA!K16*$S$4*$S$5*$S$6 -> 0 | T17: =TPDA!K16*$S$4*$S$5*$T$6 -> 0 | U17: =TPDA!L16*$U$4*$U$5*$U$6 -> 0 | V17: =TPDA!L16*$U$4*$U$5*$V$6 -> 0 | W17: =TPDA!M16*$W$4*$W$5*$W$6 -> 0 | X17: =TPDA!M16*$W$4*$W$5*$X$6 -> 0 | Y17: =TPDA!N16*$Y$4*$Y$5*$Y$6 -> 0 | Z17: =TPDA!N16*$Y$4*$Y$5*$Z$6 -> 0 | AA17: =SUM(C17:Z17) -> 0 | AB17: =AA17*365 -> 0
A18: =+A17+1 -> 2031 | C18: =TPDA!C17*'EE1'!$C$4:$D$4*'EE1'!$C$5:$D$5*$C$6 -> 0 | D18: =TPDA!C17*'EE1'!$C$4*'EE1'!$C$5*$D$6 -> 0 | E18: =TPDA!D17*$E$4*$E$5*$E$6 -> 0 | F18: =TPDA!D17*$E$5*$E$5*$F$6 -> 0 | G18: =TPDA!E17*$G$4*$G$5*$G$6 -> 0 | H18: =TPDA!E17*$G$4*$G$5*$H$6 -> 0 | I18: =(POWER((0.2*5.5)/8.17,4.32))*TPDA!F17 -> 0 | J18: =TPDA!F17*$I$4*$I$5*$J$6 -> 0 | K18: =TPDA!G17*$K$4*$K$5*$K$6 -> 0 | L18: =TPDA!G17*$K$4*$K$5*$L$6 -> 0 | M18: =TPDA!H17*$M$4*$M$5*$M$6 -> 0 | N18: =TPDA!H17*$M$4*$M$5*$N$6 -> 0 | O18: =TPDA!I17*$O$4*$O$5*$O$6 -> 0 | P18: =TPDA!I17*$O$4*$O$5*$P$6 -> 0 | Q18: =TPDA!J17*$Q$4*$Q$5*$Q$6 -> 0 | R18: =TPDA!J17*$Q$4*$Q$5*$R$6 -> 0 | S18: =TPDA!K17*$S$4*$S$5*$S$6 -> 0 | T18: =TPDA!K17*$S$4*$S$5*$T$6 -> 0 | U18: =TPDA!L17*$U$4*$U$5*$U$6 -> 0 | V18: =TPDA!L17*$U$4*$U$5*$V$6 -> 0 | W18: =TPDA!M17*$W$4*$W$5*$W$6 -> 0 | X18: =TPDA!M17*$W$4*$W$5*$X$6 -> 0 | Y18: =TPDA!N17*$Y$4*$Y$5*$Y$6 -> 0 | Z18: =TPDA!N17*$Y$4*$Y$5*$Z$6 -> 0 | AA18: =SUM(C18:Z18) -> 0 | AB18: =AA18*365 -> 0 | AL18: =(25/22.98)^4.22 -> 1.4269532
A19: =+A18+1 -> 2032 | C19: =TPDA!C18*'EE1'!$C$4:$D$4*'EE1'!$C$5:$D$5*$C$6 -> 0 | D19: =TPDA!C18*'EE1'!$C$4*'EE1'!$C$5*$D$6 -> 0 | E19: =TPDA!D18*$E$4*$E$5*$E$6 -> 0 | F19: =TPDA!D18*$E$5*$E$5*$F$6 -> 0 | G19: =TPDA!E18*$G$4*$G$5*$G$6 -> 0 | H19: =TPDA!E18*$G$4*$G$5*$H$6 -> 0 | I19: =(POWER((0.2*5.5)/8.17,4.32))*TPDA!F18 -> 0 | J19: =TPDA!F18*$I$4*$I$5*$J$6 -> 0 | K19: =TPDA!G18*$K$4*$K$5*$K$6 -> 0 | L19: =TPDA!G18*$K$4*$K$5*$L$6 -> 0 | M19: =TPDA!H18*$M$4*$M$5*$M$6 -> 0 | N19: =TPDA!H18*$M$4*$M$5*$N$6 -> 0 | O19: =TPDA!I18*$O$4*$O$5*$O$6 -> 0 | P19: =TPDA!I18*$O$4*$O$5*$P$6 -> 0 | Q19: =TPDA!J18*$Q$4*$Q$5*$Q$6 -> 0 | R19: =TPDA!J18*$Q$4*$Q$5*$R$6 -> 0 | S19: =TPDA!K18*$S$4*$S$5*$S$6 -> 0 | T19: =TPDA!K18*$S$4*$S$5*$T$6 -> 0 | U19: =TPDA!L18*$U$4*$U$5*$U$6 -> 0 | V19: =TPDA!L18*$U$4*$U$5*$V$6 -> 0 | W19: =TPDA!M18*$W$4*$W$5*$W$6 -> 0 | X19: =TPDA!M18*$W$4*$W$5*$X$6 -> 0 | Y19: =TPDA!N18*$Y$4*$Y$5*$Y$6 -> 0 | Z19: =TPDA!N18*$Y$4*$Y$5*$Z$6 -> 0 | AA19: =SUM(C19:Z19) -> 0 | AB19: =AA19*365 -> 0
A20: =+A19+1 -> 2033 | C20: =TPDA!C19*'EE1'!$C$4:$D$4*'EE1'!$C$5:$D$5*$C$6 -> 0 | D20: =TPDA!C19*'EE1'!$C$4*'EE1'!$C$5*$D$6 -> 0 | E20: =TPDA!D19*$E$4*$E$5*$E$6 -> 0 | F20: =TPDA!D19*$E$5*$E$5*$F$6 -> 0 | G20: =TPDA!E19*$G$4*$G$5*$G$6 -> 0 | H20: =TPDA!E19*$G$4*$G$5*$H$6 -> 0 | I20: =(POWER((0.2*5.5)/8.17,4.32))*TPDA!F19 -> 0 | J20: =TPDA!F19*$I$4*$I$5*$J$6 -> 0 | K20: =TPDA!G19*$K$4*$K$5*$K$6 -> 0 | L20: =TPDA!G19*$K$4*$K$5*$L$6 -> 0 | M20: =TPDA!H19*$M$4*$M$5*$M$6 -> 0 | N20: =TPDA!H19*$M$4*$M$5*$N$6 -> 0 | O20: =TPDA!I19*$O$4*$O$5*$O$6 -> 0 | P20: =TPDA!I19*$O$4*$O$5*$P$6 -> 0 | Q20: =TPDA!J19*$Q$4*$Q$5*$Q$6 -> 0 | R20: =TPDA!J19*$Q$4*$Q$5*$R$6 -> 0 | S20: =TPDA!K19*$S$4*$S$5*$S$6 -> 0 | T20: =TPDA!K19*$S$4*$S$5*$T$6 -> 0 | U20: =TPDA!L19*$U$4*$U$5*$U$6 -> 0 | V20: =TPDA!L19*$U$4*$U$5*$V$6 -> 0 | W20: =TPDA!M19*$W$4*$W$5*$W$6 -> 0 | X20: =TPDA!M19*$W$4*$W$5*$X$6 -> 0 | Y20: =TPDA!N19*$Y$4*$Y$5*$Y$6 -> 0 | Z20: =TPDA!N19*$Y$4*$Y$5*$Z$6 -> 0 | AA20: =SUM(C20:Z20) -> 0 | AB20: =AA20*365 -> 0
A21: =+A20+1 -> 2034 | C21: =TPDA!C20*'EE1'!$C$4:$D$4*'EE1'!$C$5:$D$5*$C$6 -> 0 | D21: =TPDA!C20*'EE1'!$C$4*'EE1'!$C$5*$D$6 -> 0 | E21: =TPDA!D20*$E$4*$E$5*$E$6 -> 0 | F21: =TPDA!D20*$E$5*$E$5*$F$6 -> 0 | G21: =TPDA!E20*$G$4*$G$5*$G$6 -> 0 | H21: =TPDA!E20*$G$4*$G$5*$H$6 -> 0 | I21: =(POWER((0.2*5.5)/8.17,4.32))*TPDA!F20 -> 0 | J21: =TPDA!F20*$I$4*$I$5*$J$6 -> 0 | K21: =TPDA!G20*$K$4*$K$5*$K$6 -> 0 | L21: =TPDA!G20*$K$4*$K$5*$L$6 -> 0 | M21: =TPDA!H20*$M$4*$M$5*$M$6 -> 0 | N21: =TPDA!H20*$M$4*$M$5*$N$6 -> 0 | O21: =TPDA!I20*$O$4*$O$5*$O$6 -> 0 | P21: =TPDA!I20*$O$4*$O$5*$P$6 -> 0 | Q21: =TPDA!J20*$Q$4*$Q$5*$Q$6 -> 0 | R21: =TPDA!J20*$Q$4*$Q$5*$R$6 -> 0 | S21: =TPDA!K20*$S$4*$S$5*$S$6 -> 0 | T21: =TPDA!K20*$S$4*$S$5*$T$6 -> 0 | U21: =TPDA!L20*$U$4*$U$5*$U$6 -> 0 | V21: =TPDA!L20*$U$4*$U$5*$V$6 -> 0 | W21: =TPDA!M20*$W$4*$W$5*$W$6 -> 0 | X21: =TPDA!M20*$W$4*$W$5*$X$6 -> 0 | Y21: =TPDA!N20*$Y$4*$Y$5*$Y$6 -> 0 | Z21: =TPDA!N20*$Y$4*$Y$5*$Z$6 -> 0 | AA21: =SUM(C21:Z21) -> 0 | AB21: =AA21*365 -> 0
A22: =+A21+1 -> 2035 | C22: =TPDA!C21*'EE1'!$C$4:$D$4*'EE1'!$C$5:$D$5*$C$6 -> 0 | D22: =TPDA!C21*'EE1'!$C$4*'EE1'!$C$5*$D$6 -> 0 | E22: =TPDA!D21*$E$4*$E$5*$E$6 -> 0 | F22: =TPDA!D21*$E$5*$E$5*$F$6 -> 0 | G22: =TPDA!E21*$G$4*$G$5*$G$6 -> 0 | H22: =TPDA!E21*$G$4*$G$5*$H$6 -> 0 | I22: =(POWER((0.2*5.5)/8.17,4.32))*TPDA!F21 -> 0 | J22: =TPDA!F21*$I$4*$I$5*$J$6 -> 0 | K22: =TPDA!G21*$K$4*$K$5*$K$6 -> 0 | L22: =TPDA!G21*$K$4*$K$5*$L$6 -> 0 | M22: =TPDA!H21*$M$4*$M$5*$M$6 -> 0 | N22: =TPDA!H21*$M$4*$M$5*$N$6 -> 0 | O22: =TPDA!I21*$O$4*$O$5*$O$6 -> 0 | P22: =TPDA!I21*$O$4*$O$5*$P$6 -> 0 | Q22: =TPDA!J21*$Q$4*$Q$5*$Q$6 -> 0 | R22: =TPDA!J21*$Q$4*$Q$5*$R$6 -> 0 | S22: =TPDA!K21*$S$4*$S$5*$S$6 -> 0 | T22: =TPDA!K21*$S$4*$S$5*$T$6 -> 0 | U22: =TPDA!L21*$U$4*$U$5*$U$6 -> 0 | V22: =TPDA!L21*$U$4*$U$5*$V$6 -> 0 | W22: =TPDA!M21*$W$4*$W$5*$W$6 -> 0 | X22: =TPDA!M21*$W$4*$W$5*$X$6 -> 0 | Y22: =TPDA!N21*$Y$4*$Y$5*$Y$6 -> 0 | Z22: =TPDA!N21*$Y$4*$Y$5*$Z$6 -> 0 | AA22: =SUM(C22:Z22) -> 0 | AB22: =AA22*365 -> 0
A23: =+A22+1 -> 2036 | C23: =TPDA!C22*'EE1'!$C$4:$D$4*'EE1'!$C$5:$D$5*$C$6 -> 0 | D23: =TPDA!C22*'EE1'!$C$4*'EE1'!$C$5*$D$6 -> 0 | E23: =TPDA!D22*$E$4*$E$5*$E$6 -> 0 | F23: =TPDA!D22*$E$5*$E$5*$F$6 -> 0 | G23: =TPDA!E22*$G$4*$G$5*$G$6 -> 0 | H23: =TPDA!E22*$G$4*$G$5*$H$6 -> 0 | I23: =(POWER((0.2*5.5)/8.17,4.32))*TPDA!F22 -> 0 | J23: =TPDA!F22*$I$4*$I$5*$J$6 -> 0 | K23: =TPDA!G22*$K$4*$K$5*$K$6 -> 0 | L23: =TPDA!G22*$K$4*$K$5*$L$6 -> 0 | M23: =TPDA!H22*$M$4*$M$5*$M$6 -> 0 | N23: =TPDA!H22*$M$4*$M$5*$N$6 -> 0 | O23: =TPDA!I22*$O$4*$O$5*$O$6 -> 0 | P23: =TPDA!I22*$O$4*$O$5*$P$6 -> 0 | Q23: =TPDA!J22*$Q$4*$Q$5*$Q$6 -> 0 | R23: =TPDA!J22*$Q$4*$Q$5*$R$6 -> 0 | S23: =TPDA!K22*$S$4*$S$5*$S$6 -> 0 | T23: =TPDA!K22*$S$4*$S$5*$T$6 -> 0 | U23: =TPDA!L22*$U$4*$U$5*$U$6 -> 0 | V23: =TPDA!L22*$U$4*$U$5*$V$6 -> 0 | W23: =TPDA!M22*$W$4*$W$5*$W$6 -> 0 | X23: =TPDA!M22*$W$4*$W$5*$X$6 -> 0 | Y23: =TPDA!N22*$Y$4*$Y$5*$Y$6 -> 0 | Z23: =TPDA!N22*$Y$4*$Y$5*$Z$6 -> 0 | AA23: =SUM(C23:Z23) -> 0 | AB23: =AA23*365 -> 0
A24: =+A23+1 -> 2037 | C24: =TPDA!C23*'EE1'!$C$4:$D$4*'EE1'!$C$5:$D$5*$C$6 -> 0 | D24: =TPDA!C23*'EE1'!$C$4*'EE1'!$C$5*$D$6 -> 0 | E24: =TPDA!D23*$E$4*$E$5*$E$6 -> 0 | F24: =TPDA!D23*$E$5*$E$5*$F$6 -> 0 | G24: =TPDA!E23*$G$4*$G$5*$G$6 -> 0 | H24: =TPDA!E23*$G$4*$G$5*$H$6 -> 0 | I24: =(POWER((0.2*5.5)/8.17,4.32))*TPDA!F23 -> 0 | J24: =TPDA!F23*$I$4*$I$5*$J$6 -> 0 | K24: =TPDA!G23*$K$4*$K$5*$K$6 -> 0 | L24: =TPDA!G23*$K$4*$K$5*$L$6 -> 0 | M24: =TPDA!H23*$M$4*$M$5*$M$6 -> 0 | N24: =TPDA!H23*$M$4*$M$5*$N$6 -> 0 | O24: =TPDA!I23*$O$4*$O$5*$O$6 -> 0 | P24: =TPDA!I23*$O$4*$O$5*$P$6 -> 0 | Q24: =TPDA!J23*$Q$4*$Q$5*$Q$6 -> 0 | R24: =TPDA!J23*$Q$4*$Q$5*$R$6 -> 0 | S24: =TPDA!K23*$S$4*$S$5*$S$6 -> 0 | T24: =TPDA!K23*$S$4*$S$5*$T$6 -> 0 | U24: =TPDA!L23*$U$4*$U$5*$U$6 -> 0 | V24: =TPDA!L23*$U$4*$U$5*$V$6 -> 0 | W24: =TPDA!M23*$W$4*$W$5*$W$6 -> 0 | X24: =TPDA!M23*$W$4*$W$5*$X$6 -> 0 | Y24: =TPDA!N23*$Y$4*$Y$5*$Y$6 -> 0 | Z24: =TPDA!N23*$Y$4*$Y$5*$Z$6 -> 0 | AA24: =SUM(C24:Z24) -> 0 | AB24: =AA24*365 -> 0
A25: =+A24+1 -> 2038 | C25: =TPDA!C24*'EE1'!$C$4:$D$4*'EE1'!$C$5:$D$5*$C$6 -> 0 | D25: =TPDA!C24*'EE1'!$C$4*'EE1'!$C$5*$D$6 -> 0 | E25: =TPDA!D24*$E$4*$E$5*$E$6 -> 0 | F25: =TPDA!D24*$E$5*$E$5*$F$6 -> 0 | G25: =TPDA!E24*$G$4*$G$5*$G$6 -> 0 | H25: =TPDA!E24*$G$4*$G$5*$H$6 -> 0 | I25: =(POWER((0.2*5.5)/8.17,4.32))*TPDA!F24 -> 0 | J25: =TPDA!F24*$I$4*$I$5*$J$6 -> 0 | K25: =TPDA!G24*$K$4*$K$5*$K$6 -> 0 | L25: =TPDA!G24*$K$4*$K$5*$L$6 -> 0 | M25: =TPDA!H24*$M$4*$M$5*$M$6 -> 0 | N25: =TPDA!H24*$M$4*$M$5*$N$6 -> 0 | O25: =TPDA!I24*$O$4*$O$5*$O$6 -> 0 | P25: =TPDA!I24*$O$4*$O$5*$P$6 -> 0 | Q25: =TPDA!J24*$Q$4*$Q$5*$Q$6 -> 0 | R25: =TPDA!J24*$Q$4*$Q$5*$R$6 -> 0 | S25: =TPDA!K24*$S$4*$S$5*$S$6 -> 0 | T25: =TPDA!K24*$S$4*$S$5*$T$6 -> 0 | U25: =TPDA!L24*$U$4*$U$5*$U$6 -> 0 | V25: =TPDA!L24*$U$4*$U$5*$V$6 -> 0 | W25: =TPDA!M24*$W$4*$W$5*$W$6 -> 0 | X25: =TPDA!M24*$W$4*$W$5*$X$6 -> 0 | Y25: =TPDA!N24*$Y$4*$Y$5*$Y$6 -> 0 | Z25: =TPDA!N24*$Y$4*$Y$5*$Z$6 -> 0 | AA25: =SUM(C25:Z25) -> 0 | AB25: =AA25*365 -> 0
A26: =+A25+1 -> 2039 | C26: =TPDA!C25*'EE1'!$C$4:$D$4*'EE1'!$C$5:$D$5*$C$6 -> 0 | D26: =TPDA!C25*'EE1'!$C$4*'EE1'!$C$5*$D$6 -> 0 | E26: =TPDA!D25*$E$4*$E$5*$E$6 -> 0 | F26: =TPDA!D25*$E$5*$E$5*$F$6 -> 0 | G26: =TPDA!E25*$G$4*$G$5*$G$6 -> 0 | H26: =TPDA!E25*$G$4*$G$5*$H$6 -> 0 | I26: =(POWER((0.2*5.5)/8.17,4.32))*TPDA!F25 -> 0 | J26: =TPDA!F25*$I$4*$I$5*$J$6 -> 0 | K26: =TPDA!G25*$K$4*$K$5*$K$6 -> 0 | L26: =TPDA!G25*$K$4*$K$5*$L$6 -> 0 | M26: =TPDA!H25*$M$4*$M$5*$M$6 -> 0 | N26: =TPDA!H25*$M$4*$M$5*$N$6 -> 0 | O26: =TPDA!I25*$O$4*$O$5*$O$6 -> 0 | P26: =TPDA!I25*$O$4*$O$5*$P$6 -> 0 | Q26: =TPDA!J25*$Q$4*$Q$5*$Q$6 -> 0 | R26: =TPDA!J25*$Q$4*$Q$5*$R$6 -> 0 | S26: =TPDA!K25*$S$4*$S$5*$S$6 -> 0 | T26: =TPDA!K25*$S$4*$S$5*$T$6 -> 0 | U26: =TPDA!L25*$U$4*$U$5*$U$6 -> 0 | V26: =TPDA!L25*$U$4*$U$5*$V$6 -> 0 | W26: =TPDA!M25*$W$4*$W$5*$W$6 -> 0 | X26: =TPDA!M25*$W$4*$W$5*$X$6 -> 0 | Y26: =TPDA!N25*$Y$4*$Y$5*$Y$6 -> 0 | Z26: =TPDA!N25*$Y$4*$Y$5*$Z$6 -> 0 | AA26: =SUM(C26:Z26) -> 0 | AB26: =AA26*365 -> 0
A27: =+A26+1 -> 2040 | C27: =TPDA!C26*'EE1'!$C$4:$D$4*'EE1'!$C$5:$D$5*$C$6 -> 0 | D27: =TPDA!C26*'EE1'!$C$4*'EE1'!$C$5*$D$6 -> 0 | E27: =TPDA!D26*$E$4*$E$5*$E$6 -> 0 | F27: =TPDA!D26*$E$5*$E$5*$F$6 -> 0 | G27: =TPDA!E26*$G$4*$G$5*$G$6 -> 0 | H27: =TPDA!E26*$G$4*$G$5*$H$6 -> 0 | I27: =(POWER((0.2*5.5)/8.17,4.32))*TPDA!F26 -> 0 | J27: =TPDA!F26*$I$4*$I$5*$J$6 -> 0 | K27: =TPDA!G26*$K$4*$K$5*$K$6 -> 0 | L27: =TPDA!G26*$K$4*$K$5*$L$6 -> 0 | M27: =TPDA!H26*$M$4*$M$5*$M$6 -> 0 | N27: =TPDA!H26*$M$4*$M$5*$N$6 -> 0 | O27: =TPDA!I26*$O$4*$O$5*$O$6 -> 0 | P27: =TPDA!I26*$O$4*$O$5*$P$6 -> 0 | Q27: =TPDA!J26*$Q$4*$Q$5*$Q$6 -> 0 | R27: =TPDA!J26*$Q$4*$Q$5*$R$6 -> 0 | S27: =TPDA!K26*$S$4*$S$5*$S$6 -> 0 | T27: =TPDA!K26*$S$4*$S$5*$T$6 -> 0 | U27: =TPDA!L26*$U$4*$U$5*$U$6 -> 0 | V27: =TPDA!L26*$U$4*$U$5*$V$6 -> 0 | W27: =TPDA!M26*$W$4*$W$5*$W$6 -> 0 | X27: =TPDA!M26*$W$4*$W$5*$X$6 -> 0 | Y27: =TPDA!N26*$Y$4*$Y$5*$Y$6 -> 0 | Z27: =TPDA!N26*$Y$4*$Y$5*$Z$6 -> 0 | AA27: =SUM(C27:Z27) -> 0 | AB27: =AA27*365 -> 0
A28: =+A27+1 -> 2041 | C28: =TPDA!C27*'EE1'!$C$4:$D$4*'EE1'!$C$5:$D$5*$C$6 -> 0 | D28: =TPDA!C27*'EE1'!$C$4*'EE1'!$C$5*$D$6 -> 0 | E28: =TPDA!D27*$E$4*$E$5*$E$6 -> 0 | F28: =TPDA!D27*$E$5*$E$5*$F$6 -> 0 | G28: =TPDA!E27*$G$4*$G$5*$G$6 -> 0 | H28: =TPDA!E27*$G$4*$G$5*$H$6 -> 0 | I28: =(POWER((0.2*5.5)/8.17,4.32))*TPDA!F27 -> 0 | J28: =TPDA!F27*$I$4*$I$5*$J$6 -> 0 | K28: =TPDA!G27*$K$4*$K$5*$K$6 -> 0 | L28: =TPDA!G27*$K$4*$K$5*$L$6 -> 0 | M28: =TPDA!H27*$M$4*$M$5*$M$6 -> 0 | N28: =TPDA!H27*$M$4*$M$5*$N$6 -> 0 | O28: =TPDA!I27*$O$4*$O$5*$O$6 -> 0 | P28: =TPDA!I27*$O$4*$O$5*$P$6 -> 0 | Q28: =TPDA!J27*$Q$4*$Q$5*$Q$6 -> 0 | R28: =TPDA!J27*$Q$4*$Q$5*$R$6 -> 0 | S28: =TPDA!K27*$S$4*$S$5*$S$6 -> 0 | T28: =TPDA!K27*$S$4*$S$5*$T$6 -> 0 | U28: =TPDA!L27*$U$4*$U$5*$U$6 -> 0 | V28: =TPDA!L27*$U$4*$U$5*$V$6 -> 0 | W28: =TPDA!M27*$W$4*$W$5*$W$6 -> 0 | X28: =TPDA!M27*$W$4*$W$5*$X$6 -> 0 | Y28: =TPDA!N27*$Y$4*$Y$5*$Y$6 -> 0 | Z28: =TPDA!N27*$Y$4*$Y$5*$Z$6 -> 0 | AA28: =SUM(C28:Z28) -> 0 | AB28: =AA28*365 -> 0
A29: =+A28+1 -> 2042 | C29: =TPDA!C28*'EE1'!$C$4:$D$4*'EE1'!$C$5:$D$5*$C$6 -> 0 | D29: =TPDA!C28*'EE1'!$C$4*'EE1'!$C$5*$D$6 -> 0 | E29: =TPDA!D28*$E$4*$E$5*$E$6 -> 0 | F29: =TPDA!D28*$E$5*$E$5*$F$6 -> 0 | G29: =TPDA!E28*$G$4*$G$5*$G$6 -> 0 | H29: =TPDA!E28*$G$4*$G$5*$H$6 -> 0 | I29: =(POWER((0.2*5.5)/8.17,4.32))*TPDA!F28 -> 0 | J29: =TPDA!F28*$I$4*$I$5*$J$6 -> 0 | K29: =TPDA!G28*$K$4*$K$5*$K$6 -> 0 | L29: =TPDA!G28*$K$4*$K$5*$L$6 -> 0 | M29: =TPDA!H28*$M$4*$M$5*$M$6 -> 0 | N29: =TPDA!H28*$M$4*$M$5*$N$6 -> 0 | O29: =TPDA!I28*$O$4*$O$5*$O$6 -> 0 | P29: =TPDA!I28*$O$4*$O$5*$P$6 -> 0 | Q29: =TPDA!J28*$Q$4*$Q$5*$Q$6 -> 0 | R29: =TPDA!J28*$Q$4*$Q$5*$R$6 -> 0 | S29: =TPDA!K28*$S$4*$S$5*$S$6 -> 0 | T29: =TPDA!K28*$S$4*$S$5*$T$6 -> 0 | U29: =TPDA!L28*$U$4*$U$5*$U$6 -> 0 | V29: =TPDA!L28*$U$4*$U$5*$V$6 -> 0 | W29: =TPDA!M28*$W$4*$W$5*$W$6 -> 0 | X29: =TPDA!M28*$W$4*$W$5*$X$6 -> 0 | Y29: =TPDA!N28*$Y$4*$Y$5*$Y$6 -> 0 | Z29: =TPDA!N28*$Y$4*$Y$5*$Z$6 -> 0 | AA29: =SUM(C29:Z29) -> 0 | AB29: =AA29*365 -> 0
A30: =+A29+1 -> 2043 | C30: =TPDA!C29*'EE1'!$C$4:$D$4*'EE1'!$C$5:$D$5*$C$6 -> 0 | D30: =TPDA!C29*'EE1'!$C$4*'EE1'!$C$5*$D$6 -> 0 | E30: =TPDA!D29*$E$4*$E$5*$E$6 -> 0 | F30: =TPDA!D29*$E$5*$E$5*$F$6 -> 0 | G30: =TPDA!E29*$G$4*$G$5*$G$6 -> 0 | H30: =TPDA!E29*$G$4*$G$5*$H$6 -> 0 | I30: =(POWER((0.2*5.5)/8.17,4.32))*TPDA!F29 -> 0 | J30: =TPDA!F29*$I$4*$I$5*$J$6 -> 0 | K30: =TPDA!G29*$K$4*$K$5*$K$6 -> 0 | L30: =TPDA!G29*$K$4*$K$5*$L$6 -> 0 | M30: =TPDA!H29*$M$4*$M$5*$M$6 -> 0 | N30: =TPDA!H29*$M$4*$M$5*$N$6 -> 0 | O30: =TPDA!I29*$O$4*$O$5*$O$6 -> 0 | P30: =TPDA!I29*$O$4*$O$5*$P$6 -> 0 | Q30: =TPDA!J29*$Q$4*$Q$5*$Q$6 -> 0 | R30: =TPDA!J29*$Q$4*$Q$5*$R$6 -> 0 | S30: =TPDA!K29*$S$4*$S$5*$S$6 -> 0 | T30: =TPDA!K29*$S$4*$S$5*$T$6 -> 0 | U30: =TPDA!L29*$U$4*$U$5*$U$6 -> 0 | V30: =TPDA!L29*$U$4*$U$5*$V$6 -> 0 | W30: =TPDA!M29*$W$4*$W$5*$W$6 -> 0 | X30: =TPDA!M29*$W$4*$W$5*$X$6 -> 0 | Y30: =TPDA!N29*$Y$4*$Y$5*$Y$6 -> 0 | Z30: =TPDA!N29*$Y$4*$Y$5*$Z$6 -> 0 | AA30: =SUM(C30:Z30) -> 0 | AB30: =AA30*365 -> 0
A31: =+A30+1 -> 2044 | C31: =TPDA!C30*'EE1'!$C$4:$D$4*'EE1'!$C$5:$D$5*$C$6 -> 0 | D31: =TPDA!C30*'EE1'!$C$4*'EE1'!$C$5*$D$6 -> 0 | E31: =TPDA!D30*$E$4*$E$5*$E$6 -> 0 | F31: =TPDA!D30*$E$5*$E$5*$F$6 -> 0 | G31: =TPDA!E30*$G$4*$G$5*$G$6 -> 0 | H31: =TPDA!E30*$G$4*$G$5*$H$6 -> 0 | I31: =(POWER((0.2*5.5)/8.17,4.32))*TPDA!F30 -> 0 | J31: =TPDA!F30*$I$4*$I$5*$J$6 -> 0 | K31: =TPDA!G30*$K$4*$K$5*$K$6 -> 0 | L31: =TPDA!G30*$K$4*$K$5*$L$6 -> 0 | M31: =TPDA!H30*$M$4*$M$5*$M$6 -> 0 | N31: =TPDA!H30*$M$4*$M$5*$N$6 -> 0 | O31: =TPDA!I30*$O$4*$O$5*$O$6 -> 0 | P31: =TPDA!I30*$O$4*$O$5*$P$6 -> 0 | Q31: =TPDA!J30*$Q$4*$Q$5*$Q$6 -> 0 | R31: =TPDA!J30*$Q$4*$Q$5*$R$6 -> 0 | S31: =TPDA!K30*$S$4*$S$5*$S$6 -> 0 | T31: =TPDA!K30*$S$4*$S$5*$T$6 -> 0 | U31: =TPDA!L30*$U$4*$U$5*$U$6 -> 0 | V31: =TPDA!L30*$U$4*$U$5*$V$6 -> 0 | W31: =TPDA!M30*$W$4*$W$5*$W$6 -> 0 | X31: =TPDA!M30*$W$4*$W$5*$X$6 -> 0 | Y31: =TPDA!N30*$Y$4*$Y$5*$Y$6 -> 0 | Z31: =TPDA!N30*$Y$4*$Y$5*$Z$6 -> 0 | AA31: =SUM(C31:Z31) -> 0 | AB31: =AA31*365 -> 0
AB32: ….......... x10E6
A36: REFERENCIAS
A37: T1: Automóviles, Vagonetas y Jeep | G37: T5: Buses Medianos dos ejes (22 a 35 asientos) | Q37: T9: Camiones Grandes tres ejes (hasta 15 Ton)
A38: T2: Camionetas (Hasta 2 Ton) | G38: T6: Buses Grandes tres ejes (36 asientos o mas) | Q38: T10: Camiones Semiremolque
A39: T3: Minibuses (7 a 15 asientos) | G39: T7: Camiones Medianos dos ejes (hasta 10 Ton) | Q39: T11: Camiones Remolque
A40: T4: Microbuses dos ejes (16 a 21 asientos) | G40: T8: Camiones Grandes dos ejes | Q40: T12: Otros Vehículos
